country,Year,NumberOfHomicides,RateOfHomicides
Afghanistan,2000,,
Albania,2000,131,4.19
Algeria,2000,,
American Samoa,2000,,
Andorra,2000,,
Angola,2000,,
Anguilla,2000,1,8.89
Antigua and Barbuda,2000,5,6.58
Argentina,2000,,
Armenia,2000,91,2.96
Aruba,2000,,
Australia,2000,362,1.91
Austria,2000,82,1.02
Azerbaijan,2000,226,2.78
Bahamas,2000,74,24.83
Bahrain,2000,,
Bangladesh,2000,3343,2.62
Barbados,2000,20,7.37
Belarus,2000,1013,10.26
Belgium,2000,212,2.06
Belize,2000,41,16.58
Bermuda,2000,0,0
Bhutan,2000,18,3.05
Bolivia (Plurinational State of),2000,,
Bosnia and Herzegovina,2000,99,2.64
Botswana,2000,,
Brazil,2000,45360,25.95
British Virgin Islands,2000,,
Brunei Darussalam,2000,4,1.2
Bulgaria,2000,332,4.15
Burkina Faso,2000,,
Burundi,2000,,
Cabo Verde,2000,,
Cambodia,2000,571,4.7
Cameroon,2000,459,2.96
Canada,2000,546,1.78
Cayman Islands,2000,4,9.46
Channel Islands,2000,,
Chile,2000,,
China,2000,,
China Macao SAR,2000,10,2.34
"China, Hong Kong SAR",2000,43,0.65
"China, Taiwan Province of China",2000,,
Colombia,2000,26539,66.97
Cook Islands,2000,,
Costa Rica,2000,249,6.28
Croatia,2000,101,2.28
Cuba,2000,587,5.28
Curaçao,2000,,
Cyprus,2000,8,0.85
Czechia,2000,191,1.86
Denmark,2000,58,1.09
Dominica,2000,2,2.87
Dominican Republic,2000,1210,14.28
Ecuador,2000,1833,14.45
Egypt,2000,,
El Salvador,2000,3551,60.31
Estonia,2000,143,10.22
Eswatini,2000,128,12.73
Ethiopia,2000,,
Fiji,2000,,
Finland,2000,148,2.85
France,2000,1051,1.78
French Guiana,2000,,
French Polynesia,2000,,
Georgia,2000,239,5.48
Germany,2000,1364,1.68
Ghana,2000,,
Gibraltar,2000,,
Greece,2000,,
Greenland,2000,13,23.14
Grenada,2000,15,14.59
Guadeloupe,2000,,
Guam,2000,2,1.29
Guatemala,2000,2904,24.93
Guinea-Bissau,2000,,
Guyana,2000,76,10.18
Haiti,2000,,
Holy See,2000,,
Honduras,2000,3176,48.31
Hungary,2000,205,2.01
Iceland,2000,5,1.78
India,2000,48167,4.56
Indonesia,2000,2204,1.04
Iran (Islamic Republic of),2000,,
Iraq,2000,,
Ireland,2000,37,0.98
Isle of Man,2000,,
Israel,2000,154,2.59
Italy,2000,766,1.35
Jamaica,2000,887,33.41
Japan,2000,678,0.53
Jordan,2000,,
Kazakhstan,2000,2325,15.58
Kenya,2000,,
Kiribati,2000,3,3.55
Kosovo under UNSCR 1244,2000,,
Kuwait,2000,,
Kyrgyzstan,2000,430,8.74
Latvia,2000,238,9.98
Lebanon,2000,,
Lesotho,2000,,
Liberia,2000,,
Liechtenstein,2000,0,0
Lithuania,2000,370,10.57
Luxembourg,2000,4,0.92
Malawi,2000,,6.28
Malaysia,2000,551,2.38
Maldives,2000,,
Malta,2000,4,1.02
Marshall Islands,2000,,
Martinique,2000,,
Mauritius,2000,26,2.19
Mayotte,2000,,
Mexico,2000,10737,10.86
Micronesia (Federated States of),2000,,
Monaco,2000,,
Mongolia,2000,,
Montenegro,2000,,
Montserrat,2000,0,0
Morocco,2000,461,1.6
Mozambique,2000,,
Myanmar,2000,1041,2.23
Namibia,2000,380,21.17
Nepal,2000,635,2.65
Netherlands,2000,180,1.13
New Caledonia,2000,,
New Zealand,2000,52,1.35
Nicaragua,2000,476,9.39
Niger,2000,,
North Macedonia,2000,47,2.31
Norway,2000,48,1.07
Oman,2000,,
Pakistan,2000,8906,6.26
Palau,2000,,
Panama,2000,299,9.87
Papua New Guinea,2000,465,7.95
Paraguay,2000,995,18.69
Peru,2000,,
Philippines,2000,5735,7.35
Poland,2000,855,2.22
Portugal,2000,116,1.13
Puerto Rico,2000,734,20.01
Qatar,2000,1,0.17
Republic of Korea,2000,369,0.78
Republic of Moldova,2000,433,10.3
Réunion,2000,,
Romania,2000,556,2.51
Russian Federation,2000,41090,28.07
Rwanda,2000,,
Saint Helena,2000,0,0
Saint Kitts and Nevis,2000,3,6.81
Saint Lucia,2000,23,14.67
Saint Martin (French part),2000,,
Saint Pierre and Miquelon,2000,,
Saint Vincent and the Grenadines,2000,20,18.56
Samoa,2000,,
San Marino,2000,0,0
Sao Tome and Principe,2000,,
Saudi Arabia,2000,173,0.84
Senegal,2000,,
Serbia,2000,228,2.4
Seychelles,2000,,
Sierra Leone,2000,,
Singapore,2000,41,1.02
Slovakia,2000,129,2.39
Slovenia,2000,36,1.81
Solomon Islands,2000,,
South Africa,2000,21758,48.39
South Sudan,2000,,
Spain,2000,553,1.35
Sri Lanka,2000,,
State of Palestine,2000,42,1.3
Suriname,2000,68,14.44
Sweden,2000,96,1.08
Switzerland,2000,69,0.97
Syrian Arab Republic,2000,357,2.18
Tajikistan,2000,283,4.55
Thailand,2000,5142,8.17
Timor-Leste,2000,,
Tonga,2000,1,1.02
Trinidad and Tobago,2000,120,9.47
Tunisia,2000,,
Turkey,2000,,
Turkmenistan,2000,267,5.91
Turks and Caicos Islands,2000,0,0
Tuvalu,2000,,
Uganda,2000,,
Ukraine,2000,4418,9.05
United Arab Emirates,2000,,
United Kingdom,2000,915,1.55
United Republic of Tanzania,2000,,
United States of America,2000,15586,5.45
United States Virgin Islands,2000,23,21.15
Uruguay,2000,214,6.45
Uzbekistan,2000,1068,4.31
Vanuatu,2000,,
Venezuela (Bolivarian Republic of),2000,8022,33.16
Viet Nam,2000,,
Yemen,2000,697,4
Zambia,2000,797,7.65
Zimbabwe,2000,,
Afghanistan,2001,,
Albania,2001,220,7.03
Algeria,2001,,
American Samoa,2001,1,1.71
Andorra,2001,,
Angola,2001,,
Anguilla,2001,0,0
Antigua and Barbuda,2001,7,9.07
Argentina,2001,3129,8.39
Armenia,2001,88,2.88
Aruba,2001,4,4.31
Australia,2001,347,1.81
Austria,2001,70,0.86
Azerbaijan,2001,218,2.66
Bahamas,2001,43,14.21
Bahrain,2001,9,1.29
Bangladesh,2001,3678,2.83
Barbados,2001,25,9.17
Belarus,2001,969,9.88
Belgium,2001,282,2.73
Belize,2001,64,25.09
Bermuda,2001,3,4.59
Bhutan,2001,19,3.15
Bolivia (Plurinational State of),2001,,
Bosnia and Herzegovina,2001,82,2.18
Botswana,2001,213,12.72
Brazil,2001,47943,27.06
British Virgin Islands,2001,1,4.84
Brunei Darussalam,2001,,
Bulgaria,2001,308,3.88
Burkina Faso,2001,,
Burundi,2001,,
Cabo Verde,2001,,
Cambodia,2001,407,3.28
Cameroon,2001,755,4.74
Canada,2001,554,1.79
Cayman Islands,2001,2,4.55
Channel Islands,2001,,
Chile,2001,,
China,2001,,
China Macao SAR,2001,8,1.83
"China, Hong Kong SAR",2001,66,0.99
"China, Taiwan Province of China",2001,306,1.38
Colombia,2001,27840,69.16
Cook Islands,2001,,
Costa Rica,2001,257,6.37
Croatia,2001,81,1.84
Cuba,2001,605,5.42
Curaçao,2001,10,7.67
Cyprus,2001,7,0.73
Czechia,2001,135,1.31
Denmark,2001,52,0.97
Dominica,2001,1,1.44
Dominican Republic,2001,1095,12.73
Ecuador,2001,1658,12.84
Egypt,2001,,
El Salvador,2001,3590,60.57
Estonia,2001,137,9.84
Eswatini,2001,184,18.15
Ethiopia,2001,,
Fiji,2001,,
Finland,2001,156,3
France,2001,1047,1.76
French Guiana,2001,,
French Polynesia,2001,,
Georgia,2001,263,6.12
Germany,2001,1181,1.45
Ghana,2001,433,2.19
Gibraltar,2001,,
Greece,2001,132,1.19
Greenland,2001,17,30.18
Grenada,2001,6,5.81
Guadeloupe,2001,,
Guam,2001,8,5.12
Guatemala,2001,3230,27.09
Guinea-Bissau,2001,,
Guyana,2001,80,10.74
Haiti,2001,,
Holy See,2001,,
Honduras,2001,3488,51.66
Hungary,2001,254,2.49
Iceland,2001,1,0.35
India,2001,46420,4.32
Indonesia,2001,,
Iran (Islamic Republic of),2001,,
Iraq,2001,,
Ireland,2001,52,1.35
Isle of Man,2001,,
Israel,2001,193,3.18
Italy,2001,709,1.25
Jamaica,2001,1139,42.58
Japan,2001,697,0.55
Jordan,2001,,
Kazakhstan,2001,2160,14.49
Kenya,2001,,
Kiribati,2001,4,4.66
Kosovo under UNSCR 1244,2001,,
Kuwait,2001,39,1.85
Kyrgyzstan,2001,386,7.78
Latvia,2001,219,9.28
Lebanon,2001,,
Lesotho,2001,,
Liberia,2001,,
Liechtenstein,2001,0,0
Lithuania,2001,353,10.16
Luxembourg,2001,9,2.04
Malawi,2001,,7.87
Malaysia,2001,517,2.18
Maldives,2001,7,2.44
Malta,2001,6,1.51
Marshall Islands,2001,,
Martinique,2001,,
Mauritius,2001,,
Mayotte,2001,,
Mexico,2001,10285,10.25
Micronesia (Federated States of),2001,,
Monaco,2001,1,3.08
Mongolia,2001,,
Montenegro,2001,,
Montserrat,2001,0,0
Morocco,2001,543,1.86
Mozambique,2001,0,6.04
Myanmar,2001,916,1.94
Namibia,2001,353,19.36
Nepal,2001,848,3.48
Netherlands,2001,202,1.26
New Caledonia,2001,,
New Zealand,2001,51,1.31
Nicaragua,2001,537,10.44
Niger,2001,,
North Macedonia,2001,55,2.69
Norway,2001,37,0.82
Oman,2001,,
Pakistan,2001,9593,6.57
Palau,2001,,
Panama,2001,306,9.9
Papua New Guinea,2001,436,7.3
Paraguay,2001,1314,24.21
Peru,2001,,
Philippines,2001,5852,7.35
Poland,2001,776,2.01
Portugal,2001,105,1.02
Puerto Rico,2001,802,21.85
Qatar,2001,5,0.81
Republic of Korea,2001,407,0.85
Republic of Moldova,2001,411,9.82
Réunion,2001,,
Romania,2001,699,3.18
Russian Federation,2001,42921,29.43
Rwanda,2001,,
Saint Helena,2001,0,0
Saint Kitts and Nevis,2001,6,13.45
Saint Lucia,2001,34,21.49
Saint Martin (French part),2001,,
Saint Pierre and Miquelon,2001,,
Saint Vincent and the Grenadines,2001,12,11.12
Samoa,2001,,
San Marino,2001,0,0
Sao Tome and Principe,2001,,
Saudi Arabia,2001,229,1.08
Senegal,2001,,
Serbia,2001,243,2.58
Seychelles,2001,,
Sierra Leone,2001,,
Singapore,2001,32,0.78
Slovakia,2001,118,2.19
Slovenia,2001,28,1.41
Solomon Islands,2001,,
South Africa,2001,21405,46.97
South Sudan,2001,,
Spain,2001,577,1.4
Sri Lanka,2001,,
State of Palestine,2001,56,1.69
Suriname,2001,79,16.58
Sweden,2001,87,0.98
Switzerland,2001,86,1.2
Syrian Arab Republic,2001,376,2.24
Tajikistan,2001,233,3.69
Thailand,2001,5020,7.9
Timor-Leste,2001,,
Tonga,2001,6,6.09
Trinidad and Tobago,2001,151,11.87
Tunisia,2001,,
Turkey,2001,,
Turkmenistan,2001,248,5.43
Turks and Caicos Islands,2001,0,0
Tuvalu,2001,,
Uganda,2001,,
Ukraine,2001,4854,10.03
United Arab Emirates,2001,,
United Kingdom,2001,966,1.63
United Republic of Tanzania,2001,,
United States of America,2001,19033,6.59
United States Virgin Islands,2001,28,25.76
Uruguay,2001,218,6.56
Uzbekistan,2001,1081,4.31
Vanuatu,2001,,
Venezuela (Bolivarian Republic of),2001,7960,32.3
Viet Nam,2001,14,1.24
Yemen,2001,,
Zambia,2001,,
Zimbabwe,2001,1529,12.82
Afghanistan,2002,,
Albania,2002,216,6.91
Algeria,2002,,
American Samoa,2002,7,11.85
Andorra,2002,,
Angola,2002,,
Anguilla,2002,2,17.01
Antigua and Barbuda,2002,5,6.39
Argentina,2002,3570,9.47
Armenia,2002,69,2.27
Aruba,2002,5,5.26
Australia,2002,366,1.89
Austria,2002,65,0.8
Azerbaijan,2002,212,2.56
Bahamas,2002,52,16.9
Bahrain,2002,8,1.09
Bangladesh,2002,3503,2.64
Barbados,2002,25,9.14
Belarus,2002,989,10.15
Belgium,2002,319,3.08
Belize,2002,87,33.16
Bermuda,2002,1,1.52
Bhutan,2002,19,3.08
Bolivia (Plurinational State of),2002,,
Bosnia and Herzegovina,2002,90,2.39
Botswana,2002,255,14.96
Brazil,2002,49695,27.68
British Virgin Islands,2002,1,4.73
Brunei Darussalam,2002,,
Bulgaria,2002,255,3.24
Burkina Faso,2002,78,0.63
Burundi,2002,,
Cabo Verde,2002,,
Cambodia,2002,425,3.36
Cameroon,2002,1031,6.3
Canada,2002,582,1.87
Cayman Islands,2002,0,0
Channel Islands,2002,,
Chile,2002,,
China,2002,26276,2.01
China Macao SAR,2002,2,0.45
"China, Hong Kong SAR",2002,69,1.03
"China, Taiwan Province of China",2002,,
Colombia,2002,28387,69.45
Cook Islands,2002,,
Costa Rica,2002,258,6.29
Croatia,2002,73,1.66
Cuba,2002,661,5.9
Curaçao,2002,39,30.21
Cyprus,2002,2,0.2
Czechia,2002,139,1.36
Denmark,2002,48,0.89
Dominica,2002,9,12.89
Dominican Republic,2002,1279,14.66
Ecuador,2002,1906,14.5
Egypt,2002,,
El Salvador,2002,2835,47.55
Estonia,2002,142,10.27
Eswatini,2002,134,13.15
Ethiopia,2002,,
Fiji,2002,,
Finland,2002,132,2.53
France,2002,1119,1.87
French Guiana,2002,,
French Polynesia,2002,,
Georgia,2002,292,6.86
Germany,2002,1172,1.44
Ghana,2002,401,1.98
Gibraltar,2002,,
Greece,2002,94,0.84
Greenland,2002,12,21.23
Grenada,2002,14,13.51
Guadeloupe,2002,,
Guam,2002,2,1.27
Guatemala,2002,3631,29.74
Guinea-Bissau,2002,,
Guyana,2002,143,19.2
Haiti,2002,,
Holy See,2002,,
Honduras,2002,3623,52.29
Hungary,2002,203,2
Iceland,2002,4,1.4
India,2002,45736,4.18
Indonesia,2002,,
Iran (Islamic Republic of),2002,,
Iraq,2002,,
Ireland,2002,52,1.33
Isle of Man,2002,,
Israel,2002,208,3.37
Italy,2002,644,1.13
Jamaica,2002,1045,38.81
Japan,2002,662,0.52
Jordan,2002,,
Kazakhstan,2002,1967,13.13
Kenya,2002,,
Kiribati,2002,,
Kosovo under UNSCR 1244,2002,,
Kuwait,2002,23,1.08
Kyrgyzstan,2002,411,8.23
Latvia,2002,214,9.17
Lebanon,2002,,
Lesotho,2002,,
Liberia,2002,,
Liechtenstein,2002,0,0
Lithuania,2002,293,8.51
Luxembourg,2002,6,1.35
Malawi,2002,567,4.84
Malaysia,2002,565,2.33
Maldives,2002,8,2.72
Malta,2002,6,1.5
Marshall Islands,2002,,
Martinique,2002,,
Mauritius,2002,,
Mayotte,2002,,
Mexico,2002,10088,9.92
Micronesia (Federated States of),2002,,
Monaco,2002,,
Mongolia,2002,,
Montenegro,2002,27,4.4
Montserrat,2002,0,0
Morocco,2002,462,1.57
Mozambique,2002,1040,5.54
Myanmar,2002,814,1.71
Namibia,2002,346,18.69
Nepal,2002,858,3.47
Netherlands,2002,195,1.21
New Caledonia,2002,,
New Zealand,2002,60,1.51
Nicaragua,2002,554,10.61
Niger,2002,,
North Macedonia,2002,60,2.93
Norway,2002,46,1.01
Oman,2002,28,1.2
Pakistan,2002,9466,6.33
Palau,2002,,
Panama,2002,376,11.94
Papua New Guinea,2002,470,7.71
Paraguay,2002,1372,24.8
Peru,2002,,
Philippines,2002,6553,8.05
Poland,2002,716,1.86
Portugal,2002,119,1.15
Puerto Rico,2002,820,22.38
Qatar,2002,,
Republic of Korea,2002,370,0.77
Republic of Moldova,2002,401,9.6
Réunion,2002,,
Romania,2002,656,3
Russian Federation,2002,44252,30.47
Rwanda,2002,,
Saint Helena,2002,0,0
Saint Kitts and Nevis,2002,5,11.07
Saint Lucia,2002,42,26.35
Saint Martin (French part),2002,,
Saint Pierre and Miquelon,2002,,
Saint Vincent and the Grenadines,2002,20,18.5
Samoa,2002,,
San Marino,2002,1,3.55
Sao Tome and Principe,2002,,
Saudi Arabia,2002,285,1.31
Senegal,2002,,
Serbia,2002,,2.14
Seychelles,2002,,
Sierra Leone,2002,,
Singapore,2002,31,0.76
Slovakia,2002,121,2.24
Slovenia,2002,36,1.81
Solomon Islands,2002,,
South Africa,2002,21553,46.7
South Sudan,2002,,
Spain,2002,564,1.35
Sri Lanka,2002,,
State of Palestine,2002,85,2.51
Suriname,2002,57,11.82
Sweden,2002,101,1.13
Switzerland,2002,86,1.19
Syrian Arab Republic,2002,368,2.15
Tajikistan,2002,180,2.8
Thailand,2002,4538,7.08
Timor-Leste,2002,,
Tonga,2002,6,6.06
Trinidad and Tobago,2002,171,13.39
Tunisia,2002,,
Turkey,2002,,
Turkmenistan,2002,241,5.23
Turks and Caicos Islands,2002,2,8.61
Tuvalu,2002,0,0
Uganda,2002,,
Ukraine,2002,4296,8.95
United Arab Emirates,2002,,
United Kingdom,2002,1107,1.87
United Republic of Tanzania,2002,,
United States of America,2002,16229,5.57
United States Virgin Islands,2002,41,37.77
Uruguay,2002,231,6.95
Uzbekistan,2002,1058,4.16
Vanuatu,2002,,
Venezuela (Bolivarian Republic of),2002,9617,38.31
Viet Nam,2002,1067,1.31
Yemen,2002,,
Zambia,2002,,
Zimbabwe,2002,1623,13.58
Afghanistan,2003,,
Albania,2003,166,5.32
Algeria,2003,,
American Samoa,2003,3,5.04
Andorra,2003,,
Angola,2003,,
Anguilla,2003,2,16.68
Antigua and Barbuda,2003,5,6.3
Argentina,2003,2967,7.79
Armenia,2003,,
Aruba,2003,4,4.12
Australia,2003,302,1.54
Austria,2003,50,0.61
Azerbaijan,2003,,
Bahamas,2003,50,15.97
Bahrain,2003,,
Bangladesh,2003,3471,2.58
Barbados,2003,33,12.03
Belarus,2003,,
Belgium,2003,,
Belize,2003,67,24.87
Bermuda,2003,2,3.03
Bhutan,2003,5,0.8
Bolivia (Plurinational State of),2003,,
Bosnia and Herzegovina,2003,,
Botswana,2003,312,17.99
Brazil,2003,51043,28.08
British Virgin Islands,2003,2,9.23
Brunei Darussalam,2003,3,0.85
Bulgaria,2003,247,3.16
Burkina Faso,2003,81,0.64
Burundi,2003,,
Cabo Verde,2003,15,3.33
Cambodia,2003,509,3.96
Cameroon,2003,12,5.96
Canada,2003,549,1.74
Cayman Islands,2003,3,6.43
Channel Islands,2003,,
Chile,2003,513,3.24
China,2003,24393,1.85
China Macao SAR,2003,8,1.74
"China, Hong Kong SAR",2003,52,0.77
"China, Taiwan Province of China",2003,,
Colombia,2003,23523,56.7
Cook Islands,2003,,
Costa Rica,2003,,7.2
Croatia,2003,69,1.57
Cuba,2003,642,5.72
Curaçao,2003,43,33.48
Cyprus,2003,,
Czechia,2003,163,1.59
Denmark,2003,,
Dominica,2003,8,11.41
Dominican Republic,2003,1902,21.49
Ecuador,2003,,
Egypt,2003,471,0.65
El Salvador,2003,3356,55.99
Estonia,2003,,
Eswatini,2003,135,13.2
Ethiopia,2003,,
Fiji,2003,25,3.06
Finland,2003,103,1.97
France,2003,987,1.64
French Guiana,2003,,
French Polynesia,2003,,
Georgia,2003,,
Germany,2003,1097,1.34
Ghana,2003,436,2.1
Gibraltar,2003,,
Greece,2003,,
Greenland,2003,5,8.82
Grenada,2003,9,8.65
Guadeloupe,2003,,
Guam,2003,8,5.07
Guatemala,2003,4237,33.89
Guinea-Bissau,2003,,
Guyana,2003,209,28.05
Haiti,2003,,
Holy See,2003,,
Honduras,2003,4073,57.32
Hungary,2003,228,2.25
Iceland,2003,,
India,2003,44331,3.99
Indonesia,2003,1635,0.74
Iran (Islamic Republic of),2003,,
Iraq,2003,,
Ireland,2003,37,0.93
Isle of Man,2003,,
Israel,2003,171,2.72
Italy,2003,,
Jamaica,2003,975,35.99
Japan,2003,697,0.54
Jordan,2003,,
Kazakhstan,2003,1991,13.19
Kenya,2003,,
Kiribati,2003,,
Kosovo under UNSCR 1244,2003,,
Kuwait,2003,29,1.34
Kyrgyzstan,2003,420,8.38
Latvia,2003,,
Lebanon,2003,,
Lesotho,2003,,
Liberia,2003,,
Liechtenstein,2003,0,0
Lithuania,2003,,
Luxembourg,2003,3,0.67
Malawi,2003,,2.5
Malaysia,2003,565,2.29
Maldives,2003,,
Malta,2003,,
Marshall Islands,2003,,
Martinique,2003,,
Mauritius,2003,,
Mayotte,2003,,
Mexico,2003,10087,9.79
Micronesia (Federated States of),2003,,
Monaco,2003,,
Mongolia,2003,343,13.89
Montenegro,2003,,
Montserrat,2003,0,0
Morocco,2003,510,1.71
Mozambique,2003,1044,5.4
Myanmar,2003,764,1.59
Namibia,2003,,
Nepal,2003,757,3.02
Netherlands,2003,202,1.25
New Caledonia,2003,,
New Zealand,2003,44,1.09
Nicaragua,2003,635,12
Niger,2003,,
North Macedonia,2003,70,3.41
Norway,2003,,
Oman,2003,35,1.47
Pakistan,2003,9346,6.1
Palau,2003,,
Panama,2003,337,10.5
Papua New Guinea,2003,609,9.79
Paraguay,2003,1285,22.81
Peru,2003,,
Philippines,2003,,
Poland,2003,,
Portugal,2003,,
Puerto Rico,2003,818,22.39
Qatar,2003,,
Republic of Korea,2003,386,0.8
Republic of Moldova,2003,319,7.64
Réunion,2003,,
Romania,2003,696,3.2
Russian Federation,2003,41764,28.88
Rwanda,2003,,
Saint Helena,2003,0,0
Saint Kitts and Nevis,2003,10,21.86
Saint Lucia,2003,36,22.43
Saint Martin (French part),2003,,
Saint Pierre and Miquelon,2003,,
Saint Vincent and the Grenadines,2003,18,16.62
Samoa,2003,,
San Marino,2003,0,0
Sao Tome and Principe,2003,,
Saudi Arabia,2003,250,1.11
Senegal,2003,,
Serbia,2003,176,1.89
Seychelles,2003,,
Sierra Leone,2003,,
Singapore,2003,27,0.65
Slovakia,2003,137,2.54
Slovenia,2003,21,1.06
Solomon Islands,2003,,
South Africa,2003,19824,42.43
South Sudan,2003,,
Spain,2003,587,1.38
Sri Lanka,2003,,
State of Palestine,2003,,
Suriname,2003,60,12.3
Sweden,2003,85,0.95
Switzerland,2003,,
Syrian Arab Republic,2003,405,2.33
Tajikistan,2003,164,2.51
Thailand,2003,6434,9.97
Timor-Leste,2003,,
Tonga,2003,6,6.02
Trinidad and Tobago,2003,229,17.84
Tunisia,2003,,
Turkey,2003,2837,4.29
Turkmenistan,2003,233,5
Turks and Caicos Islands,2003,0,0
Tuvalu,2003,0,0
Uganda,2003,,
Ukraine,2003,4041,8.49
United Arab Emirates,2003,,
United Kingdom,2003,,
United Republic of Tanzania,2003,2778,7.64
United States of America,2003,,
United States Virgin Islands,2003,31,28.61
Uruguay,2003,197,5.93
Uzbekistan,2003,963,3.74
Vanuatu,2003,,
Venezuela (Bolivarian Republic of),2003,11342,44.39
Viet Nam,2003,1059,1.29
Yemen,2003,704,3.71
Zambia,2003,,
Zimbabwe,2003,1360,11.35
Afghanistan,2004,,
Albania,2004,131,4.22
Algeria,2004,,
American Samoa,2004,4,6.7
Andorra,2004,1,1.31
Angola,2004,,
Anguilla,2004,1,8.18
Antigua and Barbuda,2004,4,4.98
Argentina,2004,2338,6.07
Armenia,2004,83,2.77
Aruba,2004,2,2.03
Australia,2004,263,1.32
Austria,2004,59,0.72
Azerbaijan,2004,,
Bahamas,2004,44,13.8
Bahrain,2004,,
Bangladesh,2004,3902,2.85
Barbados,2004,22,7.99
Belarus,2004,,
Belgium,2004,,
Belize,2004,79,28.57
Bermuda,2004,1,1.51
Bhutan,2004,15,2.35
Bolivia (Plurinational State of),2004,,
Bosnia and Herzegovina,2004,68,1.81
Botswana,2004,259,14.67
Brazil,2004,48374,26.29
British Virgin Islands,2004,4,17.91
Brunei Darussalam,2004,2,0.56
Bulgaria,2004,244,3.15
Burkina Faso,2004,78,0.6
Burundi,2004,,
Cabo Verde,2004,21,4.6
Cambodia,2004,511,3.91
Cameroon,2004,,
Canada,2004,625,1.96
Cayman Islands,2004,5,10.44
Channel Islands,2004,,
Chile,2004,,
China,2004,24711,1.87
China Macao SAR,2004,4,0.85
"China, Hong Kong SAR",2004,45,0.67
"China, Taiwan Province of China",2004,,
Colombia,2004,20210,48.03
Cook Islands,2004,,
Costa Rica,2004,280,6.63
Croatia,2004,83,1.89
Cuba,2004,660,5.87
Curaçao,2004,41,31.85
Cyprus,2004,16,1.58
Czechia,2004,134,1.31
Denmark,2004,,
Dominica,2004,8,11.37
Dominican Republic,2004,2239,24.95
Ecuador,2004,,
Egypt,2004,322,0.43
El Salvador,2004,3897,64.69
Estonia,2004,,
Eswatini,2004,146,14.23
Ethiopia,2004,,
Fiji,2004,23,2.81
Finland,2004,148,2.82
France,2004,990,1.63
French Guiana,2004,58,29.7
French Polynesia,2004,,
Georgia,2004,298,7.05
Germany,2004,1112,1.36
Ghana,2004,452,2.12
Gibraltar,2004,,
Greece,2004,111,0.99
Greenland,2004,11,19.34
Grenada,2004,6,5.75
Guadeloupe,2004,26,6.4
Guam,2004,9,5.69
Guatemala,2004,4507,35.22
Guinea-Bissau,2004,,
Guyana,2004,131,17.57
Haiti,2004,,
Holy See,2004,,
Honduras,2004,3639,49.97
Hungary,2004,209,2.07
Iceland,2004,,
India,2004,46490,4.12
Indonesia,2004,1419,0.64
Iran (Islamic Republic of),2004,,
Iraq,2004,,
Ireland,2004,30,0.74
Isle of Man,2004,,
Israel,2004,159,2.49
Italy,2004,,
Jamaica,2004,1471,53.98
Japan,2004,699,0.55
Jordan,2004,,
Kazakhstan,2004,2091,13.71
Kenya,2004,1199,3.37
Kiribati,2004,,
Kosovo under UNSCR 1244,2004,,
Kuwait,2004,43,1.95
Kyrgyzstan,2004,419,8.32
Latvia,2004,,
Lebanon,2004,,
Lesotho,2004,,
Liberia,2004,,
Liechtenstein,2004,1,2.9
Lithuania,2004,343,10.14
Luxembourg,2004,2,0.44
Malawi,2004,411,3.34
Malaysia,2004,497,1.97
Maldives,2004,,
Malta,2004,7,1.74
Marshall Islands,2004,,
Martinique,2004,19,4.8
Mauritius,2004,,
Mayotte,2004,,
Mexico,2004,9329,8.93
Micronesia (Federated States of),2004,,
Monaco,2004,,
Mongolia,2004,333,13.34
Montenegro,2004,,
Montserrat,2004,0,0
Morocco,2004,470,1.56
Mozambique,2004,1130,5.68
Myanmar,2004,743,1.53
Namibia,2004,352,18.45
Nepal,2004,936,3.68
Netherlands,2004,191,1.17
New Caledonia,2004,,
New Zealand,2004,45,1.1
Nicaragua,2004,646,12.04
Niger,2004,,
North Macedonia,2004,49,2.38
Norway,2004,36,0.78
Oman,2004,42,1.72
Pakistan,2004,9614,6.14
Palau,2004,,
Panama,2004,308,9.42
Papua New Guinea,2004,,
Paraguay,2004,1209,21.1
Peru,2004,,
Philippines,2004,,
Poland,2004,,
Portugal,2004,,
Puerto Rico,2004,843,23.15
Qatar,2004,5,0.66
Republic of Korea,2004,419,0.87
Republic of Moldova,2004,277,6.65
Réunion,2004,23,2.94
Romania,2004,487,2.26
Russian Federation,2004,39256,27.25
Rwanda,2004,,
Saint Helena,2004,1,18.22
Saint Kitts and Nevis,2004,11,23.75
Saint Lucia,2004,37,22.86
Saint Martin (French part),2004,,
Saint Pierre and Miquelon,2004,,
Saint Vincent and the Grenadines,2004,29,26.72
Samoa,2004,,
San Marino,2004,0,0
Sao Tome and Principe,2004,,
Saudi Arabia,2004,301,1.3
Senegal,2004,,
Serbia,2004,164,1.77
Seychelles,2004,10,11.44
Sierra Leone,2004,112,2.06
Singapore,2004,20,0.48
Slovakia,2004,108,2
Slovenia,2004,27,1.36
Solomon Islands,2004,20,4.36
South Africa,2004,18793,39.74
South Sudan,2004,,
Spain,2004,520,1.2
Sri Lanka,2004,,
State of Palestine,2004,96,2.74
Suriname,2004,46,9.32
Sweden,2004,107,1.19
Switzerland,2004,,
Syrian Arab Republic,2004,426,2.39
Tajikistan,2004,142,2.13
Thailand,2004,4273,6.57
Timor-Leste,2004,23,2.37
Tonga,2004,2,2
Trinidad and Tobago,2004,260,20.15
Tunisia,2004,195,1.95
Turkey,2004,2914,4.35
Turkmenistan,2004,209,4.44
Turks and Caicos Islands,2004,,
Tuvalu,2004,0,0
Uganda,2004,,
Ukraine,2004,3487,7.38
United Arab Emirates,2004,,
United Kingdom,2004,,
United Republic of Tanzania,2004,2926,7.83
United States of America,2004,,
United States Virgin Islands,2004,37,34.23
Uruguay,2004,,6.02
Uzbekistan,2004,962,3.69
Vanuatu,2004,,
Venezuela (Bolivarian Republic of),2004,9719,37.39
Viet Nam,2004,1063,1.28
Yemen,2004,646,3.31
Zambia,2004,,
Zimbabwe,2004,1356,11.28
Afghanistan,2005,,
Albania,2005,154,4.99
Algeria,2005,,
American Samoa,2005,6,10.07
Andorra,2005,,
Angola,2005,,
Anguilla,2005,0,0
Antigua and Barbuda,2005,3,3.68
Argentina,2005,2198,5.65
Armenia,2005,58,1.95
Aruba,2005,6,6
Australia,2005,259,1.28
Austria,2005,54,0.65
Azerbaijan,2005,,
Bahamas,2005,52,16.01
Bahrain,2005,,
Bangladesh,2005,3592,2.58
Barbados,2005,29,10.5
Belarus,2005,,
Belgium,2005,,
Belize,2005,81,28.54
Bermuda,2005,2,3.02
Bhutan,2005,11,1.7
Bolivia (Plurinational State of),2005,,
Bosnia and Herzegovina,2005,,
Botswana,2005,291,16.17
Brazil,2005,47578,25.56
British Virgin Islands,2005,,
Brunei Darussalam,2005,2,0.55
Bulgaria,2005,199,2.59
Burkina Faso,2005,63,0.47
Burundi,2005,,
Cabo Verde,2005,44,9.5
Cambodia,2005,448,3.38
Cameroon,2005,,
Canada,2005,664,2.06
Cayman Islands,2005,3,6.09
Channel Islands,2005,1,0
Chile,2005,576,3.56
China,2005,20770,1.56
China Macao SAR,2005,4,0.83
"China, Hong Kong SAR",2005,34,0.5
"China, Taiwan Province of China",2005,,
Colombia,2005,18111,42.47
Cook Islands,2005,,
Costa Rica,2005,335,7.82
Croatia,2005,68,1.55
Cuba,2005,684,6.07
Curaçao,2005,26,19.98
Cyprus,2005,20,1.95
Czechia,2005,108,1.05
Denmark,2005,,
Dominica,2005,8,11.33
Dominican Republic,2005,2394,26.32
Ecuador,2005,,
Egypt,2005,522,0.69
El Salvador,2005,3882,64.14
Estonia,2005,,
Eswatini,2005,139,13.49
Ethiopia,2005,,
Fiji,2005,23,2.8
Finland,2005,119,2.26
France,2005,976,1.6
French Guiana,2005,45,22.17
French Polynesia,2005,,
Georgia,2005,403,9.57
Germany,2005,1044,1.28
Ghana,2005,393,1.8
Gibraltar,2005,,
Greece,2005,132,1.18
Greenland,2005,10,17.56
Grenada,2005,11,10.51
Guadeloupe,2005,23,5.71
Guam,2005,7,4.42
Guatemala,2005,5338,40.76
Guinea-Bissau,2005,,
Guyana,2005,142,19.03
Haiti,2005,,
Holy See,2005,,
Honduras,2005,3212,43.06
Hungary,2005,164,1.63
Iceland,2005,3,1.02
India,2005,45095,3.93
Indonesia,2005,,
Iran (Islamic Republic of),2005,,
Iraq,2005,,
Ireland,2005,52,1.26
Isle of Man,2005,,
Israel,2005,169,2.59
Italy,2005,610,1.05
Jamaica,2005,1674,61.09
Japan,2005,643,0.5
Jordan,2005,,
Kazakhstan,2005,,
Kenya,2005,1083,2.96
Kiribati,2005,,
Kosovo under UNSCR 1244,2005,,
Kuwait,2005,41,1.81
Kyrgyzstan,2005,491,9.67
Latvia,2005,,
Lebanon,2005,,
Lesotho,2005,,
Liberia,2005,,
Liechtenstein,2005,,
Lithuania,2005,372,11.12
Luxembourg,2005,4,0.87
Malawi,2005,,1.58
Malaysia,2005,604,2.35
Maldives,2005,,
Malta,2005,4,0.99
Marshall Islands,2005,,
Martinique,2005,19,4.78
Mauritius,2005,,
Mayotte,2005,,
Mexico,2005,9921,9.36
Micronesia (Federated States of),2005,,
Monaco,2005,,
Mongolia,2005,398,15.75
Montenegro,2005,,
Montserrat,2005,1,20.65
Morocco,2005,469,1.54
Mozambique,2005,1089,5.31
Myanmar,2005,676,1.38
Namibia,2005,,
Nepal,2005,878,3.41
Netherlands,2005,174,1.06
New Caledonia,2005,,
New Zealand,2005,61,1.48
Nicaragua,2005,729,13.4
Niger,2005,,
North Macedonia,2005,,
Norway,2005,33,0.71
Oman,2005,53,2.11
Pakistan,2005,9782,6.1
Palau,2005,,
Panama,2005,364,10.93
Papua New Guinea,2005,603,9.28
Paraguay,2005,887,15.23
Peru,2005,,
Philippines,2005,,
Poland,2005,,
Portugal,2005,135,1.28
Puerto Rico,2005,825,22.72
Qatar,2005,6,0.69
Republic of Korea,2005,411,0.84
Republic of Moldova,2005,296,7.12
Réunion,2005,25,3.16
Romania,2005,433,2.02
Russian Federation,2005,35636,24.8
Rwanda,2005,,
Saint Helena,2005,0,0
Saint Kitts and Nevis,2005,8,17.08
Saint Lucia,2005,41,25.09
Saint Martin (French part),2005,,
Saint Pierre and Miquelon,2005,,
Saint Vincent and the Grenadines,2005,26,23.94
Samoa,2005,,
San Marino,2005,0,0
Sao Tome and Principe,2005,,
Saudi Arabia,2005,297,1.25
Senegal,2005,,
Serbia,2005,147,1.6
Seychelles,2005,,
Sierra Leone,2005,99,1.75
Singapore,2005,,
Slovakia,2005,93,1.72
Slovenia,2005,20,1
Solomon Islands,2005,26,5.53
South Africa,2005,18528,38.7
South Sudan,2005,,
Spain,2005,518,1.18
Sri Lanka,2005,1219,6.24
State of Palestine,2005,83,2.32
Suriname,2005,69,13.81
Sweden,2005,83,0.92
Switzerland,2005,,
Syrian Arab Republic,2005,430,2.34
Tajikistan,2005,157,2.31
Thailand,2005,4806,7.35
Timor-Leste,2005,46,4.62
Tonga,2005,4,3.96
Trinidad and Tobago,2005,386,29.77
Tunisia,2005,260,2.57
Turkey,2005,3305,4.87
Turkmenistan,2005,206,4.33
Turks and Caicos Islands,2005,0,0
Tuvalu,2005,0,0
Uganda,2005,,
Ukraine,2005,3030,6.46
United Arab Emirates,2005,,
United Kingdom,2005,,
United Republic of Tanzania,2005,,
United States of America,2005,,
United States Virgin Islands,2005,37,34.32
Uruguay,2005,190,5.72
Uzbekistan,2005,910,3.44
Vanuatu,2005,,
Venezuela (Bolivarian Republic of),2005,9964,37.7
Viet Nam,2005,1053,1.26
Yemen,2005,,
Zambia,2005,,
Zimbabwe,2005,1350,11.18
Afghanistan,2006,,
Albania,2006,95,3.1
Algeria,2006,312,0.93
American Samoa,2006,4,6.77
Andorra,2006,,
Angola,2006,,
Anguilla,2006,5,39.49
Antigua and Barbuda,2006,11,13.3
Argentina,2006,2111,5.37
Armenia,2006,79,2.67
Aruba,2006,5,4.96
Australia,2006,281,1.37
Austria,2006,61,0.74
Azerbaijan,2006,,
Bahamas,2006,61,18.43
Bahrain,2006,,
Bangladesh,2006,4166,2.96
Barbados,2006,35,12.61
Belarus,2006,,
Belgium,2006,,
Belize,2006,92,31.58
Bermuda,2006,3,4.53
Bhutan,2006,9,1.37
Bolivia (Plurinational State of),2006,,
Bosnia and Herzegovina,2006,,
Botswana,2006,261,14.22
Brazil,2006,49145,26.12
British Virgin Islands,2006,2,8.33
Brunei Darussalam,2006,3,0.81
Bulgaria,2006,186,2.44
Burkina Faso,2006,69,0.5
Burundi,2006,,
Cabo Verde,2006,35,7.46
Cambodia,2006,,2.97
Cameroon,2006,,
Canada,2006,608,1.87
Cayman Islands,2006,1,1.97
Channel Islands,2006,2,0
Chile,2006,590,3.61
China,2006,17973,1.34
China Macao SAR,2006,10,2.03
"China, Hong Kong SAR",2006,35,0.51
"China, Taiwan Province of China",2006,228,1
Colombia,2006,17479,40.46
Cook Islands,2006,,
Costa Rica,2006,351,8.08
Croatia,2006,74,1.69
Cuba,2006,576,5.11
Curaçao,2006,18,13.55
Cyprus,2006,15,1.43
Czechia,2006,130,1.26
Denmark,2006,,
Dominica,2006,5,7.07
Dominican Republic,2006,2144,23.26
Ecuador,2006,,
Egypt,2006,549,0.71
El Salvador,2006,3927,64.6
Estonia,2006,,
Eswatini,2006,127,12.26
Ethiopia,2006,,
Fiji,2006,22,2.66
Finland,2006,119,2.25
France,2006,879,1.43
French Guiana,2006,42,20.01
French Polynesia,2006,3,1.15
Georgia,2006,323,7.71
Germany,2006,988,1.21
Ghana,2006,412,1.84
Gibraltar,2006,,
Greece,2006,110,0.98
Greenland,2006,8,14.04
Grenada,2006,12,11.44
Guadeloupe,2006,24,5.97
Guam,2006,11,6.93
Guatemala,2006,5885,43.93
Guinea-Bissau,2006,,
Guyana,2006,153,20.5
Haiti,2006,,
Holy See,2006,,
Honduras,2006,3118,40.84
Hungary,2006,174,1.73
Iceland,2006,0,0
India,2006,44961,3.86
Indonesia,2006,,
Iran (Islamic Republic of),2006,,
Iraq,2006,,
Ireland,2006,62,1.47
Isle of Man,2006,,
Israel,2006,153,2.29
Italy,2006,625,1.07
Jamaica,2006,1340,48.65
Japan,2006,619,0.48
Jordan,2006,,
Kazakhstan,2006,,
Kenya,2006,1105,2.94
Kiribati,2006,,
Kosovo under UNSCR 1244,2006,,
Kuwait,2006,45,1.9
Kyrgyzstan,2006,446,8.7
Latvia,2006,,
Lebanon,2006,,
Lesotho,2006,,
Liberia,2006,,
Liechtenstein,2006,,
Lithuania,2006,288,8.72
Luxembourg,2006,7,1.5
Malawi,2006,821,6.33
Malaysia,2006,588,2.24
Maldives,2006,,
Malta,2006,0,0
Marshall Islands,2006,,
Martinique,2006,23,5.78
Mauritius,2006,,
Mayotte,2006,,
Mexico,2006,10452,9.72
Micronesia (Federated States of),2006,,
Monaco,2006,,
Mongolia,2006,336,13.13
Montenegro,2006,,
Montserrat,2006,1,20.45
Morocco,2006,498,1.62
Mozambique,2006,894,4.24
Myanmar,2006,777,1.58
Namibia,2006,,
Nepal,2006,610,2.34
Netherlands,2006,128,0.78
New Caledonia,2006,8,3.33
New Zealand,2006,49,1.17
Nicaragua,2006,722,13.09
Niger,2006,,
North Macedonia,2006,46,2.23
Norway,2006,33,0.71
Oman,2006,121,4.69
Pakistan,2006,10048,6.13
Palau,2006,,
Panama,2006,221,6.52
Papua New Guinea,2006,610,9.18
Paraguay,2006,742,12.55
Peru,2006,,
Philippines,2006,,
Poland,2006,,
Portugal,2006,,
Puerto Rico,2006,783,21.61
Qatar,2006,5,0.49
Republic of Korea,2006,415,0.85
Republic of Moldova,2006,262,6.32
Réunion,2006,19,2.37
Romania,2006,357,1.68
Russian Federation,2006,28844,20.11
Rwanda,2006,319,3.53
Saint Helena,2006,0,0
Saint Kitts and Nevis,2006,17,35.92
Saint Lucia,2006,43,26
Saint Martin (French part),2006,,
Saint Pierre and Miquelon,2006,0,0
Saint Vincent and the Grenadines,2006,20,18.42
Samoa,2006,,
San Marino,2006,0,0
Sao Tome and Principe,2006,4,2.47
Saudi Arabia,2006,255,1.04
Senegal,2006,,
Serbia,2006,156,1.71
Seychelles,2006,9,10.05
Sierra Leone,2006,101,1.73
Singapore,2006,17,0.39
Slovakia,2006,82,1.52
Slovenia,2006,12,0.6
Solomon Islands,2006,23,4.78
South Africa,2006,19106,39.4
South Sudan,2006,,
Spain,2006,476,1.06
Sri Lanka,2006,2044,10.38
State of Palestine,2006,,
Suriname,2006,62,12.27
Sweden,2006,91,1
Switzerland,2006,,
Syrian Arab Republic,2006,446,2.34
Tajikistan,2006,194,2.8
Thailand,2006,4687,7.12
Timor-Leste,2006,49,4.82
Tonga,2006,8,7.87
Trinidad and Tobago,2006,371,28.48
Tunisia,2006,249,2.44
Turkey,2006,3168,4.61
Turkmenistan,2006,203,4.22
Turks and Caicos Islands,2006,,
Tuvalu,2006,0,0
Uganda,2006,,
Ukraine,2006,2958,6.35
United Arab Emirates,2006,,
United Kingdom,2006,,
United Republic of Tanzania,2006,,
United States of America,2006,17309,5.74
United States Virgin Islands,2006,43,40.01
Uruguay,2006,202,6.07
Uzbekistan,2006,861,3.21
Vanuatu,2006,,
Venezuela (Bolivarian Republic of),2006,12257,45.65
Viet Nam,2006,1048,1.24
Yemen,2006,,
Zambia,2006,,
Zimbabwe,2006,1072,8.82
Afghanistan,2007,,
Albania,2007,105,3.46
Algeria,2007,271,0.79
American Samoa,2007,1,1.71
Andorra,2007,0,0
Angola,2007,,
Anguilla,2007,4,31.1
Antigua and Barbuda,2007,17,20.23
Argentina,2007,2139,5.39
Armenia,2007,77,2.63
Aruba,2007,3,2.96
Australia,2007,255,1.22
Austria,2007,45,0.54
Azerbaijan,2007,189,2.17
Bahamas,2007,78,23.12
Bahrain,2007,4,0.39
Bangladesh,2007,3863,2.71
Barbados,2007,25,8.97
Belarus,2007,649,6.85
Belgium,2007,,
Belize,2007,97,32.44
Bermuda,2007,3,4.54
Bhutan,2007,14,2.11
Bolivia (Plurinational State of),2007,,
Bosnia and Herzegovina,2007,66,1.75
Botswana,2007,280,14.93
Brazil,2007,47707,25.09
British Virgin Islands,2007,,
Brunei Darussalam,2007,3,0.8
Bulgaria,2007,177,2.34
Burkina Faso,2007,94,0.66
Burundi,2007,,
Cabo Verde,2007,,
Cambodia,2007,393,2.87
Cameroon,2007,,
Canada,2007,597,1.81
Cayman Islands,2007,2,3.83
Channel Islands,2007,,
Chile,2007,616,3.73
China,2007,16119,1.2
China Macao SAR,2007,6,1.19
"China, Hong Kong SAR",2007,18,0.26
"China, Taiwan Province of China",2007,176,0.77
Colombia,2007,17198,39.32
Cook Islands,2007,,
Costa Rica,2007,369,8.38
Croatia,2007,62,1.42
Cuba,2007,568,5.05
Curaçao,2007,26,19.04
Cyprus,2007,13,1.22
Czechia,2007,126,1.22
Denmark,2007,,
Dominica,2007,7,9.89
Dominican Republic,2007,2111,22.6
Ecuador,2007,2273,15.9
Egypt,2007,680,0.87
El Salvador,2007,3497,57.27
Estonia,2007,96,7.14
Eswatini,2007,121,11.61
Ethiopia,2007,,
Fiji,2007,21,2.51
Finland,2007,129,2.44
France,2007,993,1.6
French Guiana,2007,28,12.95
French Polynesia,2007,7,2.66
Georgia,2007,330,7.92
Germany,2007,888,1.09
Ghana,2007,399,1.74
Gibraltar,2007,,
Greece,2007,130,1.17
Greenland,2007,8,14.05
Grenada,2007,11,10.46
Guadeloupe,2007,29,7.21
Guam,2007,1,0.63
Guatemala,2007,5781,42.2
Guinea-Bissau,2007,,
Guyana,2007,115,15.41
Haiti,2007,486,5.12
Holy See,2007,,
Honduras,2007,3588,45.95
Hungary,2007,154,1.54
Iceland,2007,2,0.66
India,2007,45362,3.83
Indonesia,2007,,
Iran (Islamic Republic of),2007,,
Iraq,2007,,
Ireland,2007,78,1.8
Isle of Man,2007,,
Israel,2007,135,1.97
Italy,2007,631,1.07
Jamaica,2007,1584,57.22
Japan,2007,574,0.45
Jordan,2007,112,1.79
Kazakhstan,2007,,
Kenya,2007,1101,2.85
Kiribati,2007,,
Kosovo under UNSCR 1244,2007,,
Kuwait,2007,59,2.36
Kyrgyzstan,2007,416,8.02
Latvia,2007,,
Lebanon,2007,,
Lesotho,2007,895,45.04
Liberia,2007,,2.89
Liechtenstein,2007,0,0
Lithuania,2007,277,8.5
Luxembourg,2007,7,1.47
Malawi,2007,690,5.17
Malaysia,2007,652,2.44
Maldives,2007,3,0.9
Malta,2007,4,0.98
Marshall Islands,2007,,
Martinique,2007,23,5.78
Mauritius,2007,,
Mayotte,2007,27,14.2
Mexico,2007,8867,8.12
Micronesia (Federated States of),2007,,
Monaco,2007,0,0
Mongolia,2007,295,11.37
Montenegro,2007,12,1.94
Montserrat,2007,,
Morocco,2007,517,1.66
Mozambique,2007,849,3.92
Myanmar,2007,749,1.51
Namibia,2007,,
Nepal,2007,841,3.19
Netherlands,2007,143,0.87
New Caledonia,2007,12,4.93
New Zealand,2007,48,1.13
Nicaragua,2007,714,12.77
Niger,2007,,
North Macedonia,2007,42,2.03
Norway,2007,30,0.64
Oman,2007,37,1.39
Pakistan,2007,10556,6.29
Palau,2007,,
Panama,2007,279,8.08
Papua New Guinea,2007,520,7.64
Paraguay,2007,783,13.05
Peru,2007,,
Philippines,2007,5962,6.67
Poland,2007,,
Portugal,2007,,
Puerto Rico,2007,774,21.4
Qatar,2007,9,0.74
Republic of Korea,2007,430,0.88
Republic of Moldova,2007,217,5.25
Réunion,2007,24,2.97
Romania,2007,379,1.8
Russian Federation,2007,25377,17.71
Rwanda,2007,268,2.89
Saint Helena,2007,0,0
Saint Kitts and Nevis,2007,16,33.49
Saint Lucia,2007,29,17.3
Saint Martin (French part),2007,,
Saint Pierre and Miquelon,2007,0,0
Saint Vincent and the Grenadines,2007,40,36.86
Samoa,2007,,
San Marino,2007,0,0
Sao Tome and Principe,2007,4,2.41
Saudi Arabia,2007,265,1.05
Senegal,2007,,
Serbia,2007,171,1.88
Seychelles,2007,8,8.88
Sierra Leone,2007,134,2.24
Singapore,2007,18,0.39
Slovakia,2007,82,1.52
Slovenia,2007,24,1.19
Solomon Islands,2007,26,5.28
South Africa,2007,0,37.46
South Sudan,2007,,
Spain,2007,482,1.06
Sri Lanka,2007,,
State of Palestine,2007,,
Suriname,2007,45,8.8
Sweden,2007,111,1.21
Switzerland,2007,,
Syrian Arab Republic,2007,533,2.68
Tajikistan,2007,132,1.87
Thailand,2007,4435,6.7
Timor-Leste,2007,62,5.98
Tonga,2007,1,0.97
Trinidad and Tobago,2007,391,29.88
Tunisia,2007,273,2.65
Turkey,2007,3599,5.17
Turkmenistan,2007,,
Turks and Caicos Islands,2007,2,6.58
Tuvalu,2007,0,0
Uganda,2007,2645,8.97
Ukraine,2007,2646,5.71
United Arab Emirates,2007,,
United Kingdom,2007,,
United Republic of Tanzania,2007,,
United States of America,2007,17128,5.62
United States Virgin Islands,2007,43,40.14
Uruguay,2007,194,5.82
Uzbekistan,2007,815,3
Vanuatu,2007,,
Venezuela (Bolivarian Republic of),2007,13156,48.28
Viet Nam,2007,1168,1.37
Yemen,2007,,
Zambia,2007,,
Zimbabwe,2007,,
Afghanistan,2008,,
Albania,2008,93,3.1
Algeria,2008,328,0.94
American Samoa,2008,3,5.22
Andorra,2008,1,1.19
Angola,2008,,
Anguilla,2008,1,7.66
Antigua and Barbuda,2008,16,18.74
Argentina,2008,2371,5.92
Armenia,2008,97,3.34
Aruba,2008,5,4.93
Australia,2008,261,1.22
Austria,2008,58,0.7
Azerbaijan,2008,192,2.18
Bahamas,2008,73,21.24
Bahrain,2008,6,0.54
Bangladesh,2008,4099,2.84
Barbados,2008,23,8.22
Belarus,2008,552,5.84
Belgium,2008,,
Belize,2008,103,33.57
Bermuda,2008,5,7.58
Bhutan,2008,18,2.68
Bolivia (Plurinational State of),2008,,
Bosnia and Herzegovina,2008,66,1.76
Botswana,2008,281,14.67
Brazil,2008,50113,26.1
British Virgin Islands,2008,,
Brunei Darussalam,2008,1,0.26
Bulgaria,2008,172,2.29
Burkina Faso,2008,151,1.03
Burundi,2008,,
Cabo Verde,2008,,
Cambodia,2008,333,2.4
Cameroon,2008,776,4.03
Canada,2008,614,1.84
Cayman Islands,2008,4,7.43
Channel Islands,2008,1,0
Chile,2008,588,3.52
China,2008,14811,1.09
China Macao SAR,2008,4,0.78
"China, Hong Kong SAR",2008,36,0.52
"China, Taiwan Province of China",2008,191,0.83
Colombia,2008,16140,36.47
Cook Islands,2008,,
Costa Rica,2008,512,11.47
Croatia,2008,71,1.63
Cuba,2008,515,4.58
Curaçao,2008,,
Cyprus,2008,9,0.83
Czechia,2008,114,1.09
Denmark,2008,,
Dominica,2008,7,9.88
Dominican Republic,2008,2394,25.31
Ecuador,2008,2607,17.94
Egypt,2008,967,1.21
El Salvador,2008,3179,51.84
Estonia,2008,86,6.42
Eswatini,2008,217,20.67
Ethiopia,2008,,
Fiji,2008,17,2.01
Finland,2008,133,2.5
France,2008,1021,1.64
French Guiana,2008,32,14.41
French Polynesia,2008,9,3.41
Georgia,2008,263,6.35
Germany,2008,831,1.03
Ghana,2008,430,1.82
Gibraltar,2008,,
Greece,2008,144,1.3
Greenland,2008,8,14.08
Grenada,2008,16,15.17
Guadeloupe,2008,32,7.92
Guam,2008,1,0.63
Guatemala,2008,6292,44.92
Guinea-Bissau,2008,,
Guyana,2008,158,21.16
Haiti,2008,498,5.16
Holy See,2008,,
Honduras,2008,4455,55.82
Hungary,2008,181,1.81
Iceland,2008,0,0
India,2008,45999,3.83
Indonesia,2008,,
Iran (Islamic Republic of),2008,,
Iraq,2008,,
Ireland,2008,51,1.15
Isle of Man,2008,,
Israel,2008,120,1.71
Italy,2008,615,1.04
Jamaica,2008,1619,58.2
Japan,2008,654,0.51
Jordan,2008,120,1.83
Kazakhstan,2008,1807,11.39
Kenya,2008,1215,3.05
Kiribati,2008,7,7.09
Kosovo under UNSCR 1244,2008,113,0
Kuwait,2008,38,1.43
Kyrgyzstan,2008,417,7.94
Latvia,2008,,
Lebanon,2008,183,3.84
Lesotho,2008,752,37.84
Liberia,2008,177,4.91
Liechtenstein,2008,1,2.82
Lithuania,2008,298,9.28
Luxembourg,2008,8,1.65
Malawi,2008,780,5.68
Malaysia,2008,597,2.19
Maldives,2008,5,1.46
Malta,2008,6,1.47
Marshall Islands,2008,,
Martinique,2008,17,4.27
Mauritius,2008,,
Mayotte,2008,5,2.55
Mexico,2008,146,12.64
Micronesia (Federated States of),2008,,
Monaco,2008,0,0
Mongolia,2008,212,8.06
Montenegro,2008,24,3.86
Montserrat,2008,1,20.38
Morocco,2008,426,1.35
Mozambique,2008,995,4.47
Myanmar,2008,791,1.58
Namibia,2008,354,17.32
Nepal,2008,892,3.35
Netherlands,2008,150,0.91
New Caledonia,2008,11,4.46
New Zealand,2008,51,1.19
Nicaragua,2008,736,12.99
Niger,2008,,
North Macedonia,2008,35,1.69
Norway,2008,34,0.71
Oman,2008,47,1.71
Pakistan,2008,12059,7.03
Palau,2008,,
Panama,2008,493,14.02
Papua New Guinea,2008,603,8.64
Paraguay,2008,833,13.7
Peru,2008,,
Philippines,2008,5820,6.4
Poland,2008,326,0.85
Portugal,2008,,
Puerto Rico,2008,874,24.22
Qatar,2008,12,0.84
Republic of Korea,2008,429,0.87
Republic of Moldova,2008,236,5.74
Réunion,2008,18,2.21
Romania,2008,302,1.45
Russian Federation,2008,18188,12.7
Rwanda,2008,144,1.51
Saint Helena,2008,0,0
Saint Kitts and Nevis,2008,23,47.74
Saint Lucia,2008,39,22.94
Saint Martin (French part),2008,,
Saint Pierre and Miquelon,2008,1,15.91
Saint Vincent and the Grenadines,2008,16,14.76
Samoa,2008,,
San Marino,2008,0,0
Sao Tome and Principe,2008,14,8.18
Saudi Arabia,2008,,
Senegal,2008,,
Serbia,2008,140,1.55
Seychelles,2008,6,6.63
Sierra Leone,2008,184,3
Singapore,2008,27,0.57
Slovakia,2008,86,1.59
Slovenia,2008,10,0.49
Solomon Islands,2008,19,3.77
South Africa,2008,18084,36.33
South Sudan,2008,,
Spain,2008,407,0.88
Sri Lanka,2008,22,10.02
State of Palestine,2008,47,1.22
Suriname,2008,43,8.32
Sweden,2008,82,0.89
Switzerland,2008,,
Syrian Arab Republic,2008,529,2.56
Tajikistan,2008,,1.39
Thailand,2008,3974,5.97
Timor-Leste,2008,35,3.32
Tonga,2008,4,3.87
Trinidad and Tobago,2008,547,41.61
Tunisia,2008,280,2.69
Turkey,2008,3257,4.63
Turkmenistan,2008,,
Turks and Caicos Islands,2008,2,6.41
Tuvalu,2008,0,0
Uganda,2008,2793,9.18
Ukraine,2008,2466,5.34
United Arab Emirates,2008,,
United Kingdom,2008,,
United Republic of Tanzania,2008,,
United States of America,2008,16465,5.35
United States Virgin Islands,2008,46,43.09
Uruguay,2008,221,6.62
Uzbekistan,2008,831,3.01
Vanuatu,2008,,
Venezuela (Bolivarian Republic of),2008,14589,52.79
Viet Nam,2008,1092,1.27
Yemen,2008,,
Zambia,2008,694,5.4
Zimbabwe,2008,,
Afghanistan,2009,1115,3.93
Albania,2009,85,2.86
Algeria,2009,277,0.78
American Samoa,2009,2,3.53
Andorra,2009,0,0
Angola,2009,,
Anguilla,2009,1,7.55
Antigua and Barbuda,2009,16,18.45
Argentina,2009,2642,6.53
Armenia,2009,97,3.36
Aruba,2009,4,3.94
Australia,2009,263,1.21
Austria,2009,51,0.61
Azerbaijan,2009,,
Bahamas,2009,87,24.89
Bahrain,2009,13,1.1
Bangladesh,2009,4219,2.89
Barbados,2009,19,6.76
Belarus,2009,487,5.16
Belgium,2009,,
Belize,2009,97,30.83
Bermuda,2009,6,9.14
Bhutan,2009,16,2.36
Bolivia (Plurinational State of),2009,,
Bosnia and Herzegovina,2009,71,1.9
Botswana,2009,289,14.79
Brazil,2009,51434,26.53
British Virgin Islands,2009,,
Brunei Darussalam,2009,3,0.78
Bulgaria,2009,150,2.01
Burkina Faso,2009,135,0.89
Burundi,2009,,
Cabo Verde,2009,,
Cambodia,2009,331,2.35
Cameroon,2009,1277,6.45
Canada,2009,610,1.81
Cayman Islands,2009,8,14.46
Channel Islands,2009,,
Chile,2009,630,3.73
China,2009,14667,1.08
China Macao SAR,2009,5,0.95
"China, Hong Kong SAR",2009,47,0.68
"China, Taiwan Province of China",2009,181,0.78
Colombia,2009,15817,35.35
Cook Islands,2009,,
Costa Rica,2009,525,11.61
Croatia,2009,49,1.13
Cuba,2009,565,5.03
Curaçao,2009,,
Cyprus,2009,19,1.73
Czechia,2009,94,0.9
Denmark,2009,,
Dominica,2009,13,18.35
Dominican Republic,2009,2375,24.8
Ecuador,2009,2625,17.77
Egypt,2009,912,1.12
El Salvador,2009,4382,71.16
Estonia,2009,70,5.24
Eswatini,2009,187,17.68
Ethiopia,2009,,
Fiji,2009,29,3.4
Finland,2009,120,2.25
France,2009,819,1.31
French Guiana,2009,30,13.18
French Polynesia,2009,1,0.38
Georgia,2009,210,5.1
Germany,2009,803,0.99
Ghana,2009,427,1.77
Gibraltar,2009,0,0
Greece,2009,152,1.39
Greenland,2009,10,17.63
Grenada,2009,7,6.62
Guadeloupe,2009,36,8.88
Guam,2009,5,3.14
Guatemala,2009,6498,45.39
Guinea-Bissau,2009,,
Guyana,2009,117,15.65
Haiti,2009,598,6.1
Holy See,2009,0,0
Honduras,2009,5280,64.78
Hungary,2009,139,1.4
Iceland,2009,1,0.32
India,2009,45824,3.76
Indonesia,2009,,
Iran (Islamic Republic of),2009,2215,3.04
Iraq,2009,,
Ireland,2009,53,1.18
Isle of Man,2009,,
Israel,2009,144,2
Italy,2009,590,1
Jamaica,2009,1683,60.2
Japan,2009,506,0.39
Jordan,2009,102,1.48
Kazakhstan,2009,1771,11.04
Kenya,2009,1907,4.66
Kiribati,2009,1,0.99
Kosovo under UNSCR 1244,2009,73,0
Kuwait,2009,49,1.74
Kyrgyzstan,2009,419,7.85
Latvia,2009,,
Lebanon,2009,145,3.01
Lesotho,2009,,
Liberia,2009,145,3.86
Liechtenstein,2009,0,0
Lithuania,2009,252,7.96
Luxembourg,2009,5,1.01
Malawi,2009,320,2.26
Malaysia,2009,561,2.02
Maldives,2009,6,1.7
Malta,2009,4,0.97
Marshall Islands,2009,,
Martinique,2009,11,2.77
Mauritius,2009,38,3.05
Mayotte,2009,12,5.93
Mexico,2009,19803,17.61
Micronesia (Federated States of),2009,,
Monaco,2009,,
Mongolia,2009,219,8.19
Montenegro,2009,21,3.37
Montserrat,2009,,
Morocco,2009,432,1.35
Mozambique,2009,823,3.59
Myanmar,2009,879,1.75
Namibia,2009,388,18.64
Nepal,2009,806,3
Netherlands,2009,154,0.93
New Caledonia,2009,8,3.2
New Zealand,2009,67,1.55
Nicaragua,2009,802,13.96
Niger,2009,,
North Macedonia,2009,35,1.69
Norway,2009,29,0.6
Oman,2009,37,1.29
Pakistan,2009,12491,7.12
Palau,2009,,
Panama,2009,562,15.7
Papua New Guinea,2009,697,9.76
Paraguay,2009,821,13.32
Peru,2009,,
Philippines,2009,9088,9.83
Poland,2009,387,1.01
Portugal,2009,,
Puerto Rico,2009,956,26.58
Qatar,2009,8,0.48
Republic of Korea,2009,532,1.08
Republic of Moldova,2009,246,6
Réunion,2009,15,1.82
Romania,2009,258,1.25
Russian Federation,2009,17659,12.32
Rwanda,2009,,
Saint Helena,2009,0,0
Saint Kitts and Nevis,2009,27,55.56
Saint Lucia,2009,39,22.65
Saint Martin (French part),2009,,
Saint Pierre and Miquelon,2009,1,15.77
Saint Vincent and the Grenadines,2009,23,21.24
Samoa,2009,16,8.67
San Marino,2009,0,0
Sao Tome and Principe,2009,5,2.84
Saudi Arabia,2009,,
Senegal,2009,,
Serbia,2009,154,1.71
Seychelles,2009,14,15.42
Sierra Leone,2009,158,2.52
Singapore,2009,20,0.4
Slovakia,2009,78,1.44
Slovenia,2009,13,0.64
Solomon Islands,2009,,
South Africa,2009,16767,33.22
South Sudan,2009,,
Spain,2009,412,0.88
Sri Lanka,2009,1099,5.46
State of Palestine,2009,44,1.11
Suriname,2009,,
Sweden,2009,93,1
Switzerland,2009,51,0.66
Syrian Arab Republic,2009,476,2.24
Tajikistan,2009,97,1.32
Thailand,2009,3703,5.54
Timor-Leste,2009,32,2.98
Tonga,2009,8,7.7
Trinidad and Tobago,2009,507,38.38
Tunisia,2009,255,2.42
Turkey,2009,,
Turkmenistan,2009,,
Turks and Caicos Islands,2009,2,6.26
Tuvalu,2009,0,0
Uganda,2009,3233,10.29
Ukraine,2009,2240,4.87
United Arab Emirates,2009,,
United Kingdom,2009,,
United Republic of Tanzania,2009,,
United States of America,2009,15399,4.96
United States Virgin Islands,2009,50,46.99
Uruguay,2009,226,6.75
Uzbekistan,2009,,
Vanuatu,2009,,
Venezuela (Bolivarian Republic of),2009,13985,49.89
Viet Nam,2009,1233,1.42
Yemen,2009,990,4.4
Zambia,2009,812,6.14
Zimbabwe,2009,,
Afghanistan,2010,983,3.37
Albania,2010,127,4.31
Algeria,2010,254,0.71
American Samoa,2010,5,8.92
Andorra,2010,0,0
Angola,2010,,
Anguilla,2010,0,0
Antigua and Barbuda,2010,6,6.82
Argentina,2010,2384,5.83
Armenia,2010,56,1.95
Aruba,2010,4,3.93
Australia,2010,231,1.04
Austria,2010,58,0.69
Azerbaijan,2010,206,2.28
Bahamas,2010,94,26.48
Bahrain,2010,2,0.16
Bangladesh,2010,3988,2.7
Barbados,2010,31,10.99
Belarus,2010,401,4.26
Belgium,2010,,
Belize,2010,129,40
Bermuda,2010,7,10.71
Bhutan,2010,16,2.33
Bolivia (Plurinational State of),2010,,
Bosnia and Herzegovina,2010,56,1.51
Botswana,2010,303,15.25
Brazil,2010,52260,26.7
British Virgin Islands,2010,,
Brunei Darussalam,2010,1,0.26
Bulgaria,2010,148,1.99
Burkina Faso,2010,123,0.79
Burundi,2010,,
Cabo Verde,2010,,
Cambodia,2010,331,2.31
Cameroon,2010,999,4.91
Canada,2010,556,1.63
Cayman Islands,2010,9,15.88
Channel Islands,2010,0,0
Chile,2010,541,3.17
China,2010,13410,0.98
China Macao SAR,2010,2,0.37
"China, Hong Kong SAR",2010,35,0.5
"China, Taiwan Province of China",2010,179,0.77
Colombia,2010,15459,34.18
Cook Islands,2010,,
Costa Rica,2010,527,11.51
Croatia,2010,62,1.43
Cuba,2010,505,4.5
Curaçao,2010,,
Cyprus,2010,8,0.72
Czechia,2010,103,0.98
Denmark,2010,42,0.76
Dominica,2010,15,21.16
Dominican Republic,2010,2474,25.52
Ecuador,2010,2623,17.47
Egypt,2010,1839,2.22
El Salvador,2010,3987,64.47
Estonia,2010,70,5.25
Eswatini,2010,208,19.53
Ethiopia,2010,,
Fiji,2010,20,2.33
Finland,2010,119,2.22
France,2010,796,1.27
French Guiana,2010,,
French Polynesia,2010,,
Georgia,2010,187,4.56
Germany,2010,793,0.98
Ghana,2010,422,1.7
Gibraltar,2010,1,2.98
Greece,2010,176,1.62
Greenland,2010,11,19.42
Grenada,2010,10,9.41
Guadeloupe,2010,,
Guam,2010,3,1.88
Guatemala,2010,5960,40.74
Guinea-Bissau,2010,,
Guyana,2010,140,18.68
Haiti,2010,677,6.8
Holy See,2010,0,0
Honduras,2010,6236,74.97
Hungary,2010,138,1.39
Iceland,2010,2,0.62
India,2010,46460,3.76
Indonesia,2010,,
Iran (Islamic Republic of),2010,,
Iraq,2010,,
Ireland,2010,55,1.21
Isle of Man,2010,,
Israel,2010,150,2.04
Italy,2010,529,0.89
Jamaica,2010,1447,51.49
Japan,2010,465,0.36
Jordan,2010,116,1.6
Kazakhstan,2010,1387,8.53
Kenya,2010,1926,4.58
Kiribati,2010,4,3.89
Kosovo under UNSCR 1244,2010,106,0
Kuwait,2010,60,2.01
Kyrgyzstan,2010,909,16.76
Latvia,2010,,
Lebanon,2010,163,3.29
Lesotho,2010,764,38.28
Liberia,2010,129,3.32
Liechtenstein,2010,1,2.78
Lithuania,2010,219,7.01
Luxembourg,2010,10,1.97
Malawi,2010,520,3.58
Malaysia,2010,540,1.91
Maldives,2010,6,1.64
Malta,2010,4,0.97
Marshall Islands,2010,,
Martinique,2010,,
Mauritius,2010,33,2.64
Mayotte,2010,,
Mexico,2010,25757,22.58
Micronesia (Federated States of),2010,,
Monaco,2010,,
Mongolia,2010,239,8.79
Montenegro,2010,15,2.4
Montserrat,2010,,
Morocco,2010,451,1.39
Mozambique,2010,875,3.72
Myanmar,2010,801,1.58
Namibia,2010,314,14.82
Nepal,2010,813,3.01
Netherlands,2010,144,0.86
New Caledonia,2010,,
New Zealand,2010,43,0.98
Nicaragua,2010,785,13.48
Niger,2010,,
North Macedonia,2010,43,2.08
Norway,2010,29,0.59
Oman,2010,48,1.58
Pakistan,2010,13190,7.35
Palau,2010,,
Panama,2010,460,12.63
Papua New Guinea,2010,713,9.75
Paraguay,2010,741,11.86
Peru,2010,,
Philippines,2010,8645,9.2
Poland,2010,384,1
Portugal,2010,,
Puerto Rico,2010,1030,28.77
Qatar,2010,4,0.22
Republic of Korea,2010,484,0.98
Republic of Moldova,2010,265,6.49
Réunion,2010,,
Romania,2010,266,1.3
Russian Federation,2010,16690,11.63
Rwanda,2010,291,2.9
Saint Helena,2010,,
Saint Kitts and Nevis,2010,21,42.85
Saint Lucia,2010,44,25.27
Saint Martin (French part),2010,,
Saint Pierre and Miquelon,2010,,
Saint Vincent and the Grenadines,2010,25,23.09
Samoa,2010,16,8.6
San Marino,2010,0,0
Sao Tome and Principe,2010,6,3.33
Saudi Arabia,2010,,
Senegal,2010,,
Serbia,2010,130,1.45
Seychelles,2010,9,9.86
Sierra Leone,2010,163,2.54
Singapore,2010,19,0.37
Slovakia,2010,82,1.52
Slovenia,2010,15,0.73
Solomon Islands,2010,,
South Africa,2010,15893,31.03
South Sudan,2010,,
Spain,2010,401,0.85
Sri Lanka,2010,763,3.77
State of Palestine,2010,32,0.79
Suriname,2010,,
Sweden,2010,91,0.97
Switzerland,2010,52,0.67
Syrian Arab Republic,2010,463,2.17
Tajikistan,2010,181,2.4
Thailand,2010,3654,5.44
Timor-Leste,2010,39,3.57
Tonga,2010,1,0.96
Trinidad and Tobago,2010,473,35.61
Tunisia,2010,286,2.69
Turkey,2010,3064,4.24
Turkmenistan,2010,,
Turks and Caicos Islands,2010,,
Tuvalu,2010,1,9.5
Uganda,2010,3160,9.74
Ukraine,2010,1988,4.34
United Arab Emirates,2010,67,0.78
United Kingdom,2010,,
United Republic of Tanzania,2010,3888,8.77
United States of America,2010,14722,4.7
United States Virgin Islands,2010,56,52.79
Uruguay,2010,205,6.1
Uzbekistan,2010,,
Vanuatu,2010,,
Venezuela (Bolivarian Republic of),2010,13080,45.99
Viet Nam,2010,1336,1.52
Yemen,2010,1099,4.75
Zambia,2010,814,5.98
Zimbabwe,2010,711,5.6
Afghanistan,2011,1231,4.09
Albania,2011,142,4.85
Algeria,2011,280,0.76
American Samoa,2011,5,8.97
Andorra,2011,1,1.19
Angola,2011,1055,4.36
Anguilla,2011,0,0
Antigua and Barbuda,2011,,
Argentina,2011,2511,6.08
Armenia,2011,71,2.47
Aruba,2011,2,1.96
Australia,2011,248,1.1
Austria,2011,75,0.89
Azerbaijan,2011,,
Bahamas,2011,127,35.32
Bahrain,2011,9,0.7
Bangladesh,2011,3966,2.66
Barbados,2011,27,9.54
Belarus,2011,373,3.96
Belgium,2011,,
Belize,2011,124,37.55
Bermuda,2011,8,12.29
Bhutan,2011,32,4.62
Bolivia (Plurinational State of),2011,,
Bosnia and Herzegovina,2011,51,1.39
Botswana,2011,,
Brazil,2011,52198,26.43
British Virgin Islands,2011,,
Brunei Darussalam,2011,1,0.25
Bulgaria,2011,128,1.73
Burkina Faso,2011,90,0.56
Burundi,2011,,
Cabo Verde,2011,,
Cambodia,2011,268,1.84
Cameroon,2011,835,3.99
Canada,2011,606,1.75
Cayman Islands,2011,,
Channel Islands,2011,,
Chile,2011,636,3.69
China,2011,12015,0.87
China Macao SAR,2011,4,0.73
"China, Hong Kong SAR",2011,17,0.24
"China, Taiwan Province of China",2011,,
Colombia,2011,16127,35.32
Cook Islands,2011,,
Costa Rica,2011,474,10.23
Croatia,2011,49,1.14
Cuba,2011,534,4.75
Curaçao,2011,,
Cyprus,2011,9,0.8
Czechia,2011,86,0.81
Denmark,2011,46,0.82
Dominica,2011,6,8.46
Dominican Republic,2011,2513,25.61
Ecuador,2011,2344,15.38
Egypt,2011,2703,3.2
El Salvador,2011,4371,70.38
Estonia,2011,65,4.9
Eswatini,2011,172,16.04
Ethiopia,2011,,
Fiji,2011,20,2.32
Finland,2011,110,2.04
France,2011,856,1.35
French Guiana,2011,,
French Polynesia,2011,,
Georgia,2011,,
Germany,2011,738,0.91
Ghana,2011,423,1.67
Gibraltar,2011,,
Greece,2011,184,1.7
Greenland,2011,1,1.77
Grenada,2011,4,3.75
Guadeloupe,2011,27,6.66
Guam,2011,4,2.5
Guatemala,2011,5681,38
Guinea-Bissau,2011,,
Guyana,2011,130,17.29
Haiti,2011,914,9.05
Holy See,2011,0,0
Honduras,2011,7104,83.77
Hungary,2011,145,1.47
Iceland,2011,3,0.93
India,2011,47640,3.81
Indonesia,2011,,
Iran (Islamic Republic of),2011,,
Iraq,2011,,
Ireland,2011,42,0.91
Isle of Man,2011,1,1.18
Israel,2011,147,1.96
Italy,2011,552,0.93
Jamaica,2011,1133,40.09
Japan,2011,442,0.34
Jordan,2011,141,1.84
Kazakhstan,2011,1420,8.61
Kenya,2011,2271,5.26
Kiribati,2011,11,10.5
Kosovo under UNSCR 1244,2011,62,0
Kuwait,2011,59,1.86
Kyrgyzstan,2011,467,8.46
Latvia,2011,,
Lebanon,2011,168,3.23
Lesotho,2011,712,35.53
Liberia,2011,161,4.01
Liechtenstein,2011,0,0
Lithuania,2011,211,6.84
Luxembourg,2011,4,0.77
Malawi,2011,343,2.29
Malaysia,2011,530,1.85
Maldives,2011,3,0.79
Malta,2011,3,0.72
Marshall Islands,2011,,
Martinique,2011,,
Mauritius,2011,32,2.56
Mayotte,2011,,
Mexico,2011,27213,23.52
Micronesia (Federated States of),2011,,
Monaco,2011,,
Mongolia,2011,266,9.6
Montenegro,2011,21,3.36
Montserrat,2011,,
Morocco,2011,441,1.35
Mozambique,2011,849,3.51
Myanmar,2011,1055,2.07
Namibia,2011,308,14.28
Nepal,2011,679,2.51
Netherlands,2011,143,0.85
New Caledonia,2011,,
New Zealand,2011,39,0.88
Nicaragua,2011,738,12.5
Niger,2011,831,4.86
North Macedonia,2011,30,1.45
Norway,2011,111,2.24
Oman,2011,34,1.05
Pakistan,2011,13860,7.56
Palau,2011,,
Panama,2011,549,14.81
Papua New Guinea,2011,,
Paraguay,2011,657,10.37
Peru,2011,1617,5.53
Philippines,2011,8489,8.88
Poland,2011,422,1.1
Portugal,2011,,
Puerto Rico,2011,1179,33.12
Qatar,2011,4,0.2
Republic of Korea,2011,403,0.81
Republic of Moldova,2011,216,5.3
Réunion,2011,,
Romania,2011,205,1.01
Russian Federation,2011,16175,11.26
Rwanda,2011,,
Saint Helena,2011,,
Saint Kitts and Nevis,2011,34,68.77
Saint Lucia,2011,46,26.21
Saint Martin (French part),2011,8,21.36
Saint Pierre and Miquelon,2011,,
Saint Vincent and the Grenadines,2011,,
Samoa,2011,,
San Marino,2011,0,0
Sao Tome and Principe,2011,6,3.25
Saudi Arabia,2011,,
Senegal,2011,,
Serbia,2011,135,1.51
Seychelles,2011,16,17.41
Sierra Leone,2011,187,2.85
Singapore,2011,16,0.3
Slovakia,2011,87,1.61
Slovenia,2011,16,0.78
Solomon Islands,2011,,
South Africa,2011,15554,29.91
South Sudan,2011,,
Spain,2011,385,0.82
Sri Lanka,2011,732,3.59
State of Palestine,2011,24,0.58
Suriname,2011,,
Sweden,2011,81,0.86
Switzerland,2011,46,0.58
Syrian Arab Republic,2011,,
Tajikistan,2011,126,1.64
Thailand,2011,3307,4.9
Timor-Leste,2011,,
Tonga,2011,2,1.93
Trinidad and Tobago,2011,352,26.34
Tunisia,2011,,
Turkey,2011,3061,4.17
Turkmenistan,2011,,
Turks and Caicos Islands,2011,,
Tuvalu,2011,1,9.41
Uganda,2011,3753,11.21
Ukraine,2011,,
United Arab Emirates,2011,51,0.57
United Kingdom,2011,,
United Republic of Tanzania,2011,4149,9.08
United States of America,2011,14661,4.65
United States Virgin Islands,2011,45,42.54
Uruguay,2011,199,5.91
Uzbekistan,2011,,
Vanuatu,2011,,
Venezuela (Bolivarian Republic of),2011,14098,48.8
Viet Nam,2011,1358,1.53
Yemen,2011,1375,5.78
Zambia,2011,863,6.15
Zimbabwe,2011,,
Afghanistan,2012,1948,6.25
Albania,2012,157,5.39
Algeria,2012,523,1.4
American Samoa,2012,2,3.59
Andorra,2012,0,0
Angola,2012,1217,4.85
Anguilla,2012,5,36.25
Antigua and Barbuda,2012,10,11.06
Argentina,2012,2648,6.34
Armenia,2012,65,2.25
Aruba,2012,4,3.9
Australia,2012,243,1.06
Austria,2012,79,0.93
Azerbaijan,2012,202,2.18
Bahamas,2012,111,30.53
Bahrain,2012,7,0.54
Bangladesh,2012,4114,2.72
Barbados,2012,22,7.75
Belarus,2012,340,3.61
Belgium,2012,,
Belize,2012,145,42.9
Bermuda,2012,6,9.27
Bhutan,2012,33,4.7
Bolivia (Plurinational State of),2012,,
Bosnia and Herzegovina,2012,63,1.75
Botswana,2012,,
Brazil,2012,56337,28.27
British Virgin Islands,2012,,
Brunei Darussalam,2012,4,1
Bulgaria,2012,141,1.92
Burkina Faso,2012,115,0.69
Burundi,2012,,5.41
Cabo Verde,2012,,
Cambodia,2012,,
Cameroon,2012,880,4.1
Canada,2012,548,1.57
Cayman Islands,2012,,
Channel Islands,2012,,
Chile,2012,434,2.49
China,2012,11286,0.82
China Macao SAR,2012,4,0.71
"China, Hong Kong SAR",2012,27,0.38
"China, Taiwan Province of China",2012,179,0.77
Colombia,2012,16440,35.68
Cook Islands,2012,0,3.49
Costa Rica,2012,407,8.68
Croatia,2012,51,1.19
Cuba,2012,621,5.52
Curaçao,2012,,
Cyprus,2012,22,1.94
Czechia,2012,105,0.99
Denmark,2012,47,0.84
Dominica,2012,,
Dominican Republic,2012,2268,22.84
Ecuador,2012,1923,12.43
Egypt,2012,2207,2.55
El Salvador,2012,2594,41.58
Estonia,2012,63,4.76
Eswatini,2012,104,9.64
Ethiopia,2012,8153,8.79
Fiji,2012,20,2.31
Finland,2012,88,1.63
France,2012,784,1.23
French Guiana,2012,,
French Polynesia,2012,,
Georgia,2012,,
Germany,2012,659,0.81
Ghana,2012,560,2.15
Gibraltar,2012,,
Greece,2012,166,1.54
Greenland,2012,8,14.17
Grenada,2012,14,13.03
Guadeloupe,2012,31,7.66
Guam,2012,,
Guatemala,2012,5155,33.76
Guinea-Bissau,2012,,
Guyana,2012,139,18.4
Haiti,2012,1033,10.08
Holy See,2012,0,0
Honduras,2012,7172,83
Hungary,2012,124,1.26
Iceland,2012,1,0.31
India,2012,47478,3.75
Indonesia,2012,,
Iran (Islamic Republic of),2012,,
Iraq,2012,,
Ireland,2012,52,1.13
Isle of Man,2012,2,2.37
Israel,2012,128,1.68
Italy,2012,530,0.89
Jamaica,2012,1099,38.67
Japan,2012,429,0.33
Jordan,2012,161,1.99
Kazakhstan,2012,1266,7.56
Kenya,2012,2374,5.35
Kiribati,2012,8,7.52
Kosovo under UNSCR 1244,2012,90,0
Kuwait,2012,61,1.82
Kyrgyzstan,2012,380,6.76
Latvia,2012,70,3.38
Lebanon,2012,194,3.5
Lesotho,2012,641,31.81
Liberia,2012,135,3.26
Liechtenstein,2012,0,0
Lithuania,2012,202,6.63
Luxembourg,2012,0,0
Malawi,2012,279,1.81
Malaysia,2012,602,2.07
Maldives,2012,10,2.52
Malta,2012,12,2.84
Marshall Islands,2012,,
Martinique,2012,,
Mauritius,2012,28,2.23
Mayotte,2012,,
Mexico,2012,25967,22.14
Micronesia (Federated States of),2012,,
Monaco,2012,,
Mongolia,2012,199,7.05
Montenegro,2012,17,2.72
Montserrat,2012,1,20.28
Morocco,2012,383,1.15
Mozambique,2012,,
Myanmar,2012,1436,2.79
Namibia,2012,388,17.68
Nepal,2012,642,2.38
Netherlands,2012,145,0.86
New Caledonia,2012,,
New Zealand,2012,41,0.92
Nicaragua,2012,673,11.25
Niger,2012,788,4.43
North Macedonia,2012,29,1.4
Norway,2012,27,0.54
Oman,2012,39,1.11
Pakistan,2012,13846,7.39
Palau,2012,,
Panama,2012,637,16.89
Papua New Guinea,2012,,
Paraguay,2012,649,10.11
Peru,2012,1968,6.67
Philippines,2012,8484,8.73
Poland,2012,409,1.07
Portugal,2012,,
Puerto Rico,2012,1015,28.7
Qatar,2012,7,0.32
Republic of Korea,2012,435,0.87
Republic of Moldova,2012,229,5.62
Réunion,2012,,
Romania,2012,212,1.05
Russian Federation,2012,16247,11.28
Rwanda,2012,256,2.43
Saint Helena,2012,,
Saint Kitts and Nevis,2012,18,36.09
Saint Lucia,2012,39,22.08
Saint Martin (French part),2012,2,5.4
Saint Pierre and Miquelon,2012,,
Saint Vincent and the Grenadines,2012,,
Samoa,2012,,
San Marino,2012,,
Sao Tome and Principe,2012,,
Saudi Arabia,2012,,
Senegal,2012,,
Serbia,2012,111,1.24
Seychelles,2012,4,4.32
Sierra Leone,2012,113,1.68
Singapore,2012,11,0.2
Slovakia,2012,63,1.16
Slovenia,2012,14,0.68
Solomon Islands,2012,,
South Africa,2012,16213,30.69
South Sudan,2012,1504,14.87
Spain,2012,364,0.77
Sri Lanka,2012,676,3.29
State of Palestine,2012,26,0.61
Suriname,2012,,
Sweden,2012,68,0.71
Switzerland,2012,45,0.56
Syrian Arab Republic,2012,,
Tajikistan,2012,,
Thailand,2012,,
Timor-Leste,2012,,
Tonga,2012,1,0.97
Trinidad and Tobago,2012,380,28.26
Tunisia,2012,332,3.06
Turkey,2012,3216,4.31
Turkmenistan,2012,,
Turks and Caicos Islands,2012,,
Tuvalu,2012,2,18.62
Uganda,2012,4066,11.77
Ukraine,2012,2336,5.14
United Arab Emirates,2012,69,0.75
United Kingdom,2012,,
United Republic of Tanzania,2012,4092,8.7
United States of America,2012,14856,4.67
United States Virgin Islands,2012,52,49.28
Uruguay,2012,267,7.9
Uzbekistan,2012,,
Vanuatu,2012,,
Venezuela (Bolivarian Republic of),2012,16072,54.74
Viet Nam,2012,,
Yemen,2012,1616,6.6
Zambia,2012,885,6.12
Zimbabwe,2012,981,7.48
Afghanistan,2013,,
Albania,2013,124,4.27
Algeria,2013,480,1.26
American Samoa,2013,3,5.38
Andorra,2013,0,0
Angola,2013,,
Anguilla,2013,1,7.17
Antigua and Barbuda,2013,,
Argentina,2013,3072,7.28
Armenia,2013,63,2.17
Aruba,2013,6,5.82
Australia,2013,245,1.05
Austria,2013,62,0.72
Azerbaijan,2013,221,2.35
Bahamas,2013,119,32.41
Bahrain,2013,7,0.53
Bangladesh,2013,4393,2.88
Barbados,2013,24,8.44
Belarus,2013,333,3.53
Belgium,2013,,
Belize,2013,99,28.64
Bermuda,2013,5,7.77
Bhutan,2013,24,3.38
Bolivia (Plurinational State of),2013,,
Bosnia and Herzegovina,2013,46,1.3
Botswana,2013,,
Brazil,2013,56804,28.26
British Virgin Islands,2013,,
Brunei Darussalam,2013,2,0.49
Bulgaria,2013,109,1.5
Burkina Faso,2013,121,0.71
Burundi,2013,520,5.45
Cabo Verde,2013,54,10.55
Cambodia,2013,,
Cameroon,2013,,
Canada,2013,509,1.44
Cayman Islands,2013,5,8.34
Channel Islands,2013,,
Chile,2013,556,3.16
China,2013,10640,0.76
China Macao SAR,2013,1,0.17
"China, Hong Kong SAR",2013,62,0.87
"China, Taiwan Province of China",2013,168,0.72
Colombia,2013,15419,33.16
Cook Islands,2013,,
Costa Rica,2013,411,8.67
Croatia,2013,46,1.08
Cuba,2013,674,5.97
Curaçao,2013,,
Cyprus,2013,12,1.05
Czechia,2013,90,0.85
Denmark,2013,48,0.85
Dominica,2013,,
Dominican Republic,2013,1978,19.69
Ecuador,2013,1725,10.98
Egypt,2013,,
El Salvador,2013,2513,40.1
Estonia,2013,52,3.94
Eswatini,2013,102,9.38
Ethiopia,2013,,
Fiji,2013,19,2.2
Finland,2013,89,1.64
France,2013,777,1.22
French Guiana,2013,,
French Polynesia,2013,,
Georgia,2013,,
Germany,2013,682,0.84
Ghana,2013,551,2.07
Gibraltar,2013,,
Greece,2013,153,1.42
Greenland,2013,7,12.41
Grenada,2013,6,5.55
Guadeloupe,2013,35,8.69
Guam,2013,,
Guatemala,2013,5155,33.05
Guinea-Bissau,2013,,
Guyana,2013,155,20.41
Haiti,2013,1039,9.99
Holy See,2013,0,0
Honduras,2013,6431,73.09
Hungary,2013,154,1.57
Iceland,2013,1,0.31
India,2013,45878,3.58
Indonesia,2013,,
Iran (Islamic Republic of),2013,2037,2.66
Iraq,2013,,
Ireland,2013,51,1.1
Isle of Man,2013,2,2.38
Israel,2013,127,1.64
Italy,2013,502,0.83
Jamaica,2013,1201,42.01
Japan,2013,370,0.29
Jordan,2013,144,1.69
Kazakhstan,2013,1120,6.58
Kenya,2013,,
Kiribati,2013,,
Kosovo under UNSCR 1244,2013,41,0
Kuwait,2013,,
Kyrgyzstan,2013,301,5.25
Latvia,2013,50,2.45
Lebanon,2013,236,3.99
Lesotho,2013,658,32.44
Liberia,2013,,
Liechtenstein,2013,0,0
Lithuania,2013,198,6.58
Luxembourg,2013,1,0.18
Malawi,2013,,
Malaysia,2013,627,2.13
Maldives,2013,3,0.72
Malta,2013,7,1.64
Marshall Islands,2013,,
Martinique,2013,,
Mauritius,2013,35,2.79
Mayotte,2013,,
Mexico,2013,23063,19.41
Micronesia (Federated States of),2013,,
Monaco,2013,,
Mongolia,2013,205,7.11
Montenegro,2013,10,1.6
Montserrat,2013,,
Morocco,2013,429,1.27
Mozambique,2013,,
Myanmar,2013,1238,2.39
Namibia,2013,,
Nepal,2013,606,2.25
Netherlands,2013,125,0.74
New Caledonia,2013,,
New Zealand,2013,46,1.02
Nicaragua,2013,594,9.8
Niger,2013,,
North Macedonia,2013,22,1.06
Norway,2013,46,0.91
Oman,2013,97,2.58
Pakistan,2013,13937,7.29
Palau,2013,,
Panama,2013,663,17.29
Papua New Guinea,2013,,
Paraguay,2013,604,9.28
Peru,2013,2013,6.76
Philippines,2013,,
Poland,2013,305,0.8
Portugal,2013,,
Puerto Rico,2013,924,26.37
Qatar,2013,9,0.39
Republic of Korea,2013,352,0.7
Republic of Moldova,2013,229,5.62
Réunion,2013,,
Romania,2013,218,1.08
Russian Federation,2013,16033,11.11
Rwanda,2013,359,3.32
Saint Helena,2013,,
Saint Kitts and Nevis,2013,,
Saint Lucia,2013,33,18.59
Saint Martin (French part),2013,8,21.94
Saint Pierre and Miquelon,2013,,
Saint Vincent and the Grenadines,2013,,
Samoa,2013,6,3.15
San Marino,2013,,
Sao Tome and Principe,2013,,
Saudi Arabia,2013,,
Senegal,2013,,
Serbia,2013,142,1.59
Seychelles,2013,18,19.27
Sierra Leone,2013,,
Singapore,2013,17,0.31
Slovakia,2013,71,1.31
Slovenia,2013,12,0.58
Solomon Islands,2013,,
South Africa,2013,17023,31.71
South Sudan,2013,,
Spain,2013,302,0.64
Sri Lanka,2013,619,3
State of Palestine,2013,24,0.55
Suriname,2013,29,5.3
Sweden,2013,87,0.9
Switzerland,2013,57,0.7
Syrian Arab Republic,2013,,
Tajikistan,2013,,
Thailand,2013,,
Timor-Leste,2013,,
Tonga,2013,,
Trinidad and Tobago,2013,407,30.07
Tunisia,2013,,
Turkey,2013,,
Turkmenistan,2013,,
Turks and Caicos Islands,2013,4,11.52
Tuvalu,2013,,
Uganda,2013,3857,10.81
Ukraine,2013,,
United Arab Emirates,2013,57,0.62
United Kingdom,2013,,
United Republic of Tanzania,2013,3697,7.63
United States of America,2013,14319,4.47
United States Virgin Islands,2013,,
Uruguay,2013,260,7.67
Uzbekistan,2013,,
Vanuatu,2013,,
Venezuela (Bolivarian Republic of),2013,,
Viet Nam,2013,,
Yemen,2013,1703,6.77
Zambia,2013,867,5.81
Zimbabwe,2013,,
Afghanistan,2014,,
Albania,2014,117,4.04
Algeria,2014,577,1.48
American Samoa,2014,3,5.38
Andorra,2014,0,0
Angola,2014,,
Anguilla,2014,4,28.34
Antigua and Barbuda,2014,,
Argentina,2014,3228,7.57
Armenia,2014,72,2.47
Aruba,2014,2,1.93
Australia,2014,243,1.03
Austria,2014,45,0.52
Azerbaijan,2014,236,2.48
Bahamas,2014,124,33.46
Bahrain,2014,8,0.6
Bangladesh,2014,4514,2.92
Barbados,2014,25,8.78
Belarus,2014,340,3.6
Belgium,2014,,
Belize,2014,123,34.81
Bermuda,2014,4,6.25
Bhutan,2014,,
Bolivia (Plurinational State of),2014,,
Bosnia and Herzegovina,2014,50,1.44
Botswana,2014,,
Brazil,2014,59681,29.43
British Virgin Islands,2014,,
Brunei Darussalam,2014,,
Bulgaria,2014,112,1.55
Burkina Faso,2014,130,0.74
Burundi,2014,564,5.73
Cabo Verde,2014,65,12.54
Cambodia,2014,,
Cameroon,2014,212,0.93
Canada,2014,522,1.46
Cayman Islands,2014,5,8.22
Channel Islands,2014,,
Chile,2014,438,2.47
China,2014,10083,0.72
China Macao SAR,2014,1,0.17
"China, Hong Kong SAR",2014,27,0.38
"China, Taiwan Province of China",2014,,
Colombia,2014,13343,28.41
Cook Islands,2014,,
Costa Rica,2014,477,9.95
Croatia,2014,36,0.85
Cuba,2014,,5.31
Curaçao,2014,,
Cyprus,2014,11,0.95
Czechia,2014,81,0.76
Denmark,2014,74,1.31
Dominica,2014,9,12.66
Dominican Republic,2014,1810,17.81
Ecuador,2014,1311,8.22
Egypt,2014,,
El Salvador,2014,3921,62.29
Estonia,2014,41,3.11
Eswatini,2014,118,10.78
Ethiopia,2014,,
Fiji,2014,20,2.31
Finland,2014,88,1.61
France,2014,792,1.23
French Guiana,2014,,
French Polynesia,2014,,
Georgia,2014,,
Germany,2014,716,0.88
Ghana,2014,543,1.99
Gibraltar,2014,,
Greece,2014,107,1
Greenland,2014,4,7.09
Grenada,2014,8,7.35
Guadeloupe,2014,21,5.23
Guam,2014,,
Guatemala,2014,5253,32.99
Guinea-Bissau,2014,,
Guyana,2014,149,19.52
Haiti,2014,980,9.29
Holy See,2014,0,0
Honduras,2014,5891,65.78
Hungary,2014,146,1.49
Iceland,2014,2,0.61
India,2014,47356,3.66
Indonesia,2014,,
Iran (Islamic Republic of),2014,1936,2.5
Iraq,2014,,
Ireland,2014,,
Isle of Man,2014,3,3.59
Israel,2014,108,1.38
Italy,2014,475,0.79
Jamaica,2014,15,34.95
Japan,2014,395,0.31
Jordan,2014,170,1.91
Kazakhstan,2014,904,5.22
Kenya,2014,2305,4.94
Kiribati,2014,,
Kosovo under UNSCR 1244,2014,55,0
Kuwait,2014,,
Kyrgyzstan,2014,320,5.48
Latvia,2014,64,3.17
Lebanon,2014,240,3.83
Lesotho,2014,,
Liberia,2014,,
Liechtenstein,2014,1,2.69
Lithuania,2014,159,5.35
Luxembourg,2014,4,0.72
Malawi,2014,,
Malaysia,2014,,
Maldives,2014,,
Malta,2014,6,1.39
Marshall Islands,2014,,
Martinique,2014,,
Mauritius,2014,19,1.51
Mayotte,2014,,
Mexico,2014,20010,16.63
Micronesia (Federated States of),2014,,
Monaco,2014,,
Mongolia,2014,213,7.24
Montenegro,2014,20,3.19
Montserrat,2014,,
Morocco,2014,355,1.04
Mozambique,2014,,
Myanmar,2014,1230,2.35
Namibia,2014,,
Nepal,2014,558,2.07
Netherlands,2014,123,0.73
New Caledonia,2014,,
New Zealand,2014,43,0.94
Nicaragua,2014,525,8.55
Niger,2014,,
North Macedonia,2014,35,1.68
Norway,2014,29,0.56
Oman,2014,12,0.3
Pakistan,2014,13276,6.8
Palau,2014,,
Panama,2014,604,15.48
Papua New Guinea,2014,,
Paraguay,2014,578,8.76
Peru,2014,2076,6.9
Philippines,2014,,
Poland,2014,287,0.75
Portugal,2014,,
Puerto Rico,2014,704,20.38
Qatar,2014,9,0.37
Republic of Korea,2014,377,0.74
Republic of Moldova,2014,161,3.95
Réunion,2014,,
Romania,2014,325,1.62
Russian Federation,2014,16516,11.42
Rwanda,2014,428,3.86
Saint Helena,2014,,
Saint Kitts and Nevis,2014,,
Saint Lucia,2014,34,19.07
Saint Martin (French part),2014,8,22.21
Saint Pierre and Miquelon,2014,,
Saint Vincent and the Grenadines,2014,,
Samoa,2014,,
San Marino,2014,,
Sao Tome and Principe,2014,,
Saudi Arabia,2014,,
Senegal,2014,,
Serbia,2014,120,1.35
Seychelles,2014,16,16.98
Sierra Leone,2014,,
Singapore,2014,14,0.25
Slovakia,2014,65,1.2
Slovenia,2014,16,0.77
Solomon Islands,2014,,
South Africa,2014,17805,32.64
South Sudan,2014,,
Spain,2014,323,0.69
Sri Lanka,2014,553,2.66
State of Palestine,2014,24,0.54
Suriname,2014,32,5.78
Sweden,2014,87,0.9
Switzerland,2014,41,0.5
Syrian Arab Republic,2014,,
Tajikistan,2014,,
Thailand,2014,,
Timor-Leste,2014,,
Tonga,2014,,
Trinidad and Tobago,2014,405,29.73
Tunisia,2014,,
Turkey,2014,,
Turkmenistan,2014,,
Turks and Caicos Islands,2014,2,5.65
Tuvalu,2014,,
Uganda,2014,4473,12.12
Ukraine,2014,2845,6.31
United Arab Emirates,2014,61,0.66
United Kingdom,2014,,
United Republic of Tanzania,2014,,
United States of America,2014,14164,4.39
United States Virgin Islands,2014,,
Uruguay,2014,268,7.88
Uzbekistan,2014,,
Vanuatu,2014,,
Venezuela (Bolivarian Republic of),2014,19030,63.34
Viet Nam,2014,,
Yemen,2014,,
Zambia,2014,825,5.36
Zimbabwe,2014,,
Afghanistan,2015,3367,9.78
Albania,2015,64,2.21
Algeria,2015,542,1.36
American Samoa,2015,4,7.17
Andorra,2015,0,0
Angola,2015,,
Anguilla,2015,,
Antigua and Barbuda,2015,,
Argentina,2015,2837,6.59
Armenia,2015,75,2.56
Aruba,2015,,
Australia,2015,236,0.99
Austria,2015,46,0.53
Azerbaijan,2015,225,2.34
Bahamas,2015,146,39.02
Bahrain,2015,8,0.58
Bangladesh,2015,4035,2.58
Barbados,2015,31,10.86
Belarus,2015,326,3.45
Belgium,2015,,
Belize,2015,119,32.97
Bermuda,2015,4,6.28
Bhutan,2015,12,1.65
Bolivia (Plurinational State of),2015,671,6.17
Bosnia and Herzegovina,2015,57,1.66
Botswana,2015,,
Brazil,2015,58138,28.43
British Virgin Islands,2015,,
Brunei Darussalam,2015,,
Bulgaria,2015,126,1.75
Burkina Faso,2015,117,0.65
Burundi,2015,461,4.54
Cabo Verde,2015,46,8.77
Cambodia,2015,,
Cameroon,2015,269,1.15
Canada,2015,610,1.69
Cayman Islands,2015,,
Channel Islands,2015,,
Chile,2015,610,3.39
China,2015,0,0.65
China Macao SAR,2015,1,0.17
"China, Hong Kong SAR",2015,22,0.31
"China, Taiwan Province of China",2015,192,0.82
Colombia,2015,12782,26.9
Cook Islands,2015,,
Costa Rica,2015,557,11.49
Croatia,2015,37,0.87
Cuba,2015,619,5.47
Curaçao,2015,,
Cyprus,2015,15,1.29
Czechia,2015,88,0.83
Denmark,2015,62,1.09
Dominica,2015,9,12.64
Dominican Republic,2015,,
Ecuador,2015,1052,6.49
Egypt,2015,,
El Salvador,2015,6656,105.23
Estonia,2015,45,3.42
Eswatini,2015,112,10.14
Ethiopia,2015,,
Fiji,2015,,
Finland,2015,82,1.5
France,2015,1012,1.57
French Guiana,2015,,
French Polynesia,2015,,
Georgia,2015,,
Germany,2015,682,0.83
Ghana,2015,525,1.89
Gibraltar,2015,,
Greece,2015,93,0.87
Greenland,2015,4,7.09
Grenada,2015,6,5.47
Guadeloupe,2015,39,9.74
Guam,2015,,
Guatemala,2015,,
Guinea-Bissau,2015,,
Guyana,2015,149,19.42
Haiti,2015,1071,10.01
Holy See,2015,0,0
Honduras,2015,5148,56.49
Hungary,2015,221,2.26
Iceland,2015,3,0.91
India,2015,44373,3.39
Indonesia,2015,,
Iran (Islamic Republic of),2015,,
Iraq,2015,,
Ireland,2015,31,0.67
Isle of Man,2015,1,1.2
Israel,2015,110,1.38
Italy,2015,469,0.77
Jamaica,2015,1208,41.78
Japan,2015,363,0.28
Jordan,2015,151,1.63
Kazakhstan,2015,853,4.85
Kenya,2015,2261,4.72
Kiribati,2015,,
Kosovo under UNSCR 1244,2015,42,0
Kuwait,2015,,
Kyrgyzstan,2015,305,5.12
Latvia,2015,67,3.35
Lebanon,2015,231,3.54
Lesotho,2015,897,43.56
Liberia,2015,,
Liechtenstein,2015,0,0
Lithuania,2015,172,5.87
Luxembourg,2015,5,0.88
Malawi,2015,,
Malaysia,2015,,
Maldives,2015,4,0.88
Malta,2015,4,0.92
Marshall Islands,2015,,
Martinique,2015,,
Mauritius,2015,21,1.67
Mayotte,2015,,
Mexico,2015,20762,17.04
Micronesia (Federated States of),2015,,
Monaco,2015,,
Mongolia,2015,214,7.14
Montenegro,2015,17,2.71
Montserrat,2015,,
Morocco,2015,431,1.24
Mozambique,2015,,
Myanmar,2015,1152,2.19
Namibia,2015,,
Nepal,2015,,
Netherlands,2015,104,0.61
New Caledonia,2015,,
New Zealand,2015,48,1.04
Nicaragua,2015,524,8.42
Niger,2015,,
North Macedonia,2015,25,1.2
Norway,2015,24,0.46
Oman,2015,16,0.37
Pakistan,2015,9486,4.76
Palau,2015,3,16.98
Panama,2015,471,11.87
Papua New Guinea,2015,,
Paraguay,2015,617,9.22
Peru,2015,2247,7.37
Philippines,2015,,
Poland,2015,298,0.78
Portugal,2015,,
Puerto Rico,2015,,
Qatar,2015,,
Republic of Korea,2015,375,0.74
Republic of Moldova,2015,189,4.64
Réunion,2015,,
Romania,2015,339,1.7
Russian Federation,2015,16646,11.48
Rwanda,2015,293,2.58
Saint Helena,2015,,
Saint Kitts and Nevis,2015,,
Saint Lucia,2015,28,15.63
Saint Martin (French part),2015,6,16.73
Saint Pierre and Miquelon,2015,,
Saint Vincent and the Grenadines,2015,,
Samoa,2015,,
San Marino,2015,,
Sao Tome and Principe,2015,,
Saudi Arabia,2015,,
Senegal,2015,39,0.27
Serbia,2015,104,1.17
Seychelles,2015,7,7.37
Sierra Leone,2015,124,1.73
Singapore,2015,14,0.25
Slovakia,2015,44,0.81
Slovenia,2015,20,0.97
Solomon Islands,2015,,
South Africa,2015,18673,33.71
South Sudan,2015,,
Spain,2015,302,0.65
Sri Lanka,2015,487,2.33
State of Palestine,2015,54,1.19
Suriname,2015,34,6.08
Sweden,2015,112,1.15
Switzerland,2015,57,0.69
Syrian Arab Republic,2015,,
Tajikistan,2015,,
Thailand,2015,,
Timor-Leste,2015,49,4.1
Tonga,2015,,
Trinidad and Tobago,2015,420,30.65
Tunisia,2015,,
Turkey,2015,2235,2.85
Turkmenistan,2015,,
Turks and Caicos Islands,2015,,
Tuvalu,2015,,
Uganda,2015,,
Ukraine,2015,,
United Arab Emirates,2015,60,0.65
United Kingdom,2015,,
United Republic of Tanzania,2015,3746,7.28
United States of America,2015,15883,4.89
United States Virgin Islands,2015,,
Uruguay,2015,293,8.59
Uzbekistan,2015,506,1.64
Vanuatu,2015,,
Venezuela (Bolivarian Republic of),2015,15654,52.04
Viet Nam,2015,,
Yemen,2015,,
Zambia,2015,853,5.37
Zimbabwe,2015,,
Afghanistan,2016,2318,6.55
Albania,2016,79,2.74
Algeria,2016,,
American Samoa,2016,3,5.38
Andorra,2016,,
Angola,2016,,
Anguilla,2016,,
Antigua and Barbuda,2016,,
Argentina,2016,2625,6.03
Armenia,2016,87,2.96
Aruba,2016,,
Australia,2016,227,0.94
Austria,2016,54,0.62
Azerbaijan,2016,208,2.14
Bahamas,2016,111,29.37
Bahrain,2016,10,0.7
Bangladesh,2016,3591,2.27
Barbados,2016,22,7.7
Belarus,2016,307,3.25
Belgium,2016,,
Belize,2016,138,37.46
Bermuda,2016,8,12.63
Bhutan,2016,9,1.22
Bolivia (Plurinational State of),2016,599,5.43
Bosnia and Herzegovina,2016,45,1.33
Botswana,2016,,
Brazil,2016,61143,29.66
British Virgin Islands,2016,,
Brunei Darussalam,2016,,
Bulgaria,2016,79,1.1
Burkina Faso,2016,209,1.12
Burundi,2016,635,6.05
Cabo Verde,2016,62,11.67
Cambodia,2016,,
Cameroon,2016,276,1.15
Canada,2016,612,1.68
Cayman Islands,2016,,
Channel Islands,2016,,
Chile,2016,620,3.4
China,2016,8634,0.61
China Macao SAR,2016,1,0.16
"China, Hong Kong SAR",2016,28,0.39
"China, Taiwan Province of China",2016,,
Colombia,2016,12402,25.74
Cook Islands,2016,,
Costa Rica,2016,578,11.8
Croatia,2016,44,1.05
Cuba,2016,572,5.05
Curaçao,2016,,
Cyprus,2016,13,1.11
Czechia,2016,65,0.61
Denmark,2016,56,0.98
Dominica,2016,16,22.44
Dominican Republic,2016,1616,15.54
Ecuador,2016,963,5.84
Egypt,2016,,
El Salvador,2016,5276,83.01
Estonia,2016,33,2.51
Eswatini,2016,116,10.41
Ethiopia,2016,,
Fiji,2016,,
Finland,2016,74,1.35
France,2016,884,1.37
French Guiana,2016,,
French Polynesia,2016,,
Georgia,2016,39,0.97
Germany,2016,963,1.17
Ghana,2016,549,1.93
Gibraltar,2016,,
Greece,2016,84,0.79
Greenland,2016,3,5.32
Grenada,2016,11,9.98
Guadeloupe,2016,23,5.75
Guam,2016,,
Guatemala,2016,,
Guinea-Bissau,2016,64,3.59
Guyana,2016,142,18.41
Haiti,2016,1028,9.48
Holy See,2016,,
Honduras,2016,5150,55.55
Hungary,2016,202,2.07
Iceland,2016,1,0.3
India,2016,42320,3.2
Indonesia,2016,,
Iran (Islamic Republic of),2016,,
Iraq,2016,,
Ireland,2016,34,0.72
Isle of Man,2016,0,0
Israel,2016,104,1.28
Italy,2016,404,0.67
Jamaica,2016,1354,46.59
Japan,2016,362,0.28
Jordan,2016,131,1.37
Kazakhstan,2016,,
Kenya,2016,2363,4.82
Kiribati,2016,,
Kosovo under UNSCR 1244,2016,38,0
Kuwait,2016,,
Kyrgyzstan,2016,182,3
Latvia,2016,69,3.49
Lebanon,2016,235,3.5
Lesotho,2016,,
Liberia,2016,,
Liechtenstein,2016,0,0
Lithuania,2016,153,5.29
Luxembourg,2016,5,0.86
Malawi,2016,,
Malaysia,2016,,
Maldives,2016,18,3.79
Malta,2016,5,1.15
Marshall Islands,2016,,
Martinique,2016,,
Mauritius,2016,21,1.66
Mayotte,2016,,
Mexico,2016,24559,19.91
Micronesia (Federated States of),2016,,
Monaco,2016,,
Mongolia,2016,184,6.02
Montenegro,2016,28,4.46
Montserrat,2016,,
Morocco,2016,594,1.69
Mozambique,2016,,
Myanmar,2016,1198,2.26
Namibia,2016,,
Nepal,2016,,
Netherlands,2016,94,0.55
New Caledonia,2016,,
New Zealand,2016,50,1.07
Nicaragua,2016,453,7.19
Niger,2016,,
North Macedonia,2016,19,0.91
Norway,2016,27,0.51
Oman,2016,16,0.36
Pakistan,2016,8516,4.18
Palau,2016,0,0
Panama,2016,405,10.03
Papua New Guinea,2016,,
Paraguay,2016,669,9.87
Peru,2016,2435,7.87
Philippines,2016,11155,10.76
Poland,2016,260,0.68
Portugal,2016,,
Puerto Rico,2016,,
Qatar,2016,,
Republic of Korea,2016,356,0.7
Republic of Moldova,2016,,4.92
Réunion,2016,,
Romania,2016,306,1.55
Russian Federation,2016,15864,10.92
Rwanda,2016,,
Saint Helena,2016,,
Saint Kitts and Nevis,2016,30,58.11
Saint Lucia,2016,30,16.66
Saint Martin (French part),2016,10,27.73
Saint Pierre and Miquelon,2016,,
Saint Vincent and the Grenadines,2016,40,36.54
Samoa,2016,,
San Marino,2016,,
Sao Tome and Principe,2016,,
Saudi Arabia,2016,,
Senegal,2016,,
Serbia,2016,123,1.39
Seychelles,2016,12,12.54
Sierra Leone,2016,,
Singapore,2016,18,0.32
Slovakia,2016,57,1.05
Slovenia,2016,10,0.48
Solomon Islands,2016,,
South Africa,2016,19016,33.83
South Sudan,2016,,
Spain,2016,294,0.63
Sri Lanka,2016,530,2.52
State of Palestine,2016,19,0.41
Suriname,2016,41,7.26
Sweden,2016,106,1.08
Switzerland,2016,45,0.54
Syrian Arab Republic,2016,,
Tajikistan,2016,,
Thailand,2016,,
Timor-Leste,2016,,
Tonga,2016,,
Trinidad and Tobago,2016,463,33.61
Tunisia,2016,,
Turkey,2016,2704,3.39
Turkmenistan,2016,,
Turks and Caicos Islands,2016,,
Tuvalu,2016,,
Uganda,2016,4482,11.3
Ukraine,2016,,
United Arab Emirates,2016,,
United Kingdom,2016,,
United Republic of Tanzania,2016,3439,6.48
United States of America,2016,17413,5.33
United States Virgin Islands,2016,,
Uruguay,2016,267,7.8
Uzbekistan,2016,757,2.41
Vanuatu,2016,,
Venezuela (Bolivarian Republic of),2016,17407,58.31
Viet Nam,2016,,
Yemen,2016,,
Zambia,2016,,
Zimbabwe,2016,,
Afghanistan,2017,2424,6.68
Albania,2017,58,2.01
Algeria,2017,,
American Samoa,2017,,
Andorra,2017,,
Angola,2017,,
Anguilla,2017,,
Antigua and Barbuda,2017,,
Argentina,2017,2317,5.27
Armenia,2017,70,2.38
Aruba,2017,,
Australia,2017,208,0.85
Austria,2017,70,0.79
Azerbaijan,2017,201,2.04
Bahamas,2017,122,31.96
Bahrain,2017,5,0.33
Bangladesh,2017,3549,2.22
Barbados,2017,30,10.48
Belarus,2017,240,2.54
Belgium,2017,,
Belize,2017,142,37.79
Bermuda,2017,5,7.93
Bhutan,2017,13,1.74
Bolivia (Plurinational State of),2017,717,6.41
Bosnia and Herzegovina,2017,42,1.25
Botswana,2017,,
Brazil,2017,63748,30.67
British Virgin Islands,2017,,
Brunei Darussalam,2017,,
Bulgaria,2017,103,1.45
Burkina Faso,2017,240,1.25
Burundi,2017,,
Cabo Verde,2017,38,7.07
Cambodia,2017,,
Cameroon,2017,,
Canada,2017,660,1.8
Cayman Islands,2017,,
Channel Islands,2017,,
Chile,2017,779,4.22
China,2017,7990,0.56
China Macao SAR,2017,2,0.32
"China, Hong Kong SAR",2017,24,0.33
"China, Taiwan Province of China",2017,,
Colombia,2017,12237,25.02
Cook Islands,2017,,
Costa Rica,2017,603,12.18
Croatia,2017,46,1.1
Cuba,2017,,
Curaçao,2017,,
Cyprus,2017,7,0.59
Czechia,2017,66,0.62
Denmark,2017,71,1.24
Dominica,2017,19,26.59
Dominican Republic,2017,1216,11.57
Ecuador,2017,972,5.79
Egypt,2017,,
El Salvador,2017,3962,62.02
Estonia,2017,29,2.2
Eswatini,2017,130,11.56
Ethiopia,2017,,
Fiji,2017,,
Finland,2017,67,1.22
France,2017,813,1.25
French Guiana,2017,,
French Polynesia,2017,,
Georgia,2017,91,2.27
Germany,2017,813,0.98
Ghana,2017,609,2.09
Gibraltar,2017,,
Greece,2017,86,0.81
Greenland,2017,,
Grenada,2017,12,10.82
Guadeloupe,2017,,
Guam,2017,,
Guatemala,2017,,
Guinea-Bissau,2017,21,1.15
Guyana,2017,115,14.83
Haiti,2017,,
Holy See,2017,,
Honduras,2017,3864,40.98
Hungary,2017,242,2.49
Iceland,2017,3,0.9
India,2017,41017,3.06
Indonesia,2017,,
Iran (Islamic Republic of),2017,,
Iraq,2017,,
Ireland,2017,39,0.82
Isle of Man,2017,,
Israel,2017,123,1.49
Italy,2017,376,0.62
Jamaica,2017,1647,56.39
Japan,2017,306,0.24
Jordan,2017,133,1.36
Kazakhstan,2017,915,5.06
Kenya,2017,2466,4.91
Kiribati,2017,,
Kosovo under UNSCR 1244,2017,48,0
Kuwait,2017,,
Kyrgyzstan,2017,240,3.88
Latvia,2017,81,4.15
Lebanon,2017,246,3.61
Lesotho,2017,,
Liberia,2017,,
Liechtenstein,2017,1,2.65
Lithuania,2017,129,4.53
Luxembourg,2017,2,0.34
Malawi,2017,,
Malaysia,2017,,
Maldives,2017,34,6.85
Malta,2017,9,2.06
Marshall Islands,2017,,
Martinique,2017,,
Mauritius,2017,33,2.61
Mayotte,2017,,
Mexico,2017,32079,25.71
Micronesia (Federated States of),2017,,
Monaco,2017,,
Mongolia,2017,191,6.13
Montenegro,2017,15,2.39
Montserrat,2017,,
Morocco,2017,761,2.14
Mozambique,2017,,
Myanmar,2017,,
Namibia,2017,,
Nepal,2017,,
Netherlands,2017,132,0.78
New Caledonia,2017,,
New Zealand,2017,35,0.74
Nicaragua,2017,431,6.75
Niger,2017,,
North Macedonia,2017,31,1.49
Norway,2017,28,0.53
Oman,2017,17,0.36
Pakistan,2017,,
Palau,2017,0,0
Panama,2017,397,9.67
Papua New Guinea,2017,,
Paraguay,2017,541,7.88
Peru,2017,,
Philippines,2017,8268,7.86
Poland,2017,287,0.76
Portugal,2017,,
Puerto Rico,2017,729,23.04
Qatar,2017,,
Republic of Korea,2017,301,0.59
Republic of Moldova,2017,141,3.47
Réunion,2017,,
Romania,2017,255,1.3
Russian Federation,2017,13293,9.13
Rwanda,2017,,
Saint Helena,2017,,
Saint Kitts and Nevis,2017,23,44.2
Saint Lucia,2017,53,29.29
Saint Martin (French part),2017,,
Saint Pierre and Miquelon,2017,,
Saint Vincent and the Grenadines,2017,39,35.51
Samoa,2017,7,3.58
San Marino,2017,,
Sao Tome and Principe,2017,,
Saudi Arabia,2017,,
Senegal,2017,,
Serbia,2017,94,1.06
Seychelles,2017,7,7.26
Sierra Leone,2017,,
Singapore,2017,11,0.19
Slovakia,2017,74,1.36
Slovenia,2017,19,0.92
Solomon Islands,2017,,
South Africa,2017,20336,35.67
South Sudan,2017,,
Spain,2017,307,0.66
Sri Lanka,2017,486,2.3
State of Palestine,2017,34,0.72
Suriname,2017,31,5.43
Sweden,2017,113,1.14
Switzerland,2017,45,0.53
Syrian Arab Republic,2017,,
Tajikistan,2017,,
Thailand,2017,,
Timor-Leste,2017,,
Tonga,2017,,
Trinidad and Tobago,2017,494,35.69
Tunisia,2017,,
Turkey,2017,2541,3.13
Turkmenistan,2017,,
Turks and Caicos Islands,2017,,
Tuvalu,2017,,
Uganda,2017,4735,11.5
Ukraine,2017,2751,6.18
United Arab Emirates,2017,,
United Kingdom,2017,,
United Republic of Tanzania,2017,,
United States of America,2017,17294,5.26
United States Virgin Islands,2017,,
Uruguay,2017,283,8.23
Uzbekistan,2017,591,1.85
Vanuatu,2017,,
Venezuela (Bolivarian Republic of),2017,14665,49.88
Viet Nam,2017,,
Yemen,2017,,
Zambia,2017,,
Zimbabwe,2017,,
Afghanistan,2018,2474,6.66
Albania,2018,66,2.29
Algeria,2018,,
American Samoa,2018,,
Andorra,2018,,
Angola,2018,,
Anguilla,2018,,
Antigua and Barbuda,2018,,
Argentina,2018,2387,5.38
Armenia,2018,50,1.69
Aruba,2018,,
Australia,2018,221,0.89
Austria,2018,86,0.97
Azerbaijan,2018,219,2.2
Bahamas,2018,91,23.6
Bahrain,2018,6,0.38
Bangladesh,2018,3830,2.37
Barbados,2018,28,9.77
Belarus,2018,226,2.39
Belgium,2018,,
Belize,2018,143,37.33
Bermuda,2018,,
Bhutan,2018,9,1.19
Bolivia (Plurinational State of),2018,544,4.79
Bosnia and Herzegovina,2018,39,1.17
Botswana,2018,,
Brazil,2018,55914,26.69
British Virgin Islands,2018,,
Brunei Darussalam,2018,,
Bulgaria,2018,92,1.3
Burkina Faso,2018,,
Burundi,2018,,
Cabo Verde,2018,37,6.8
Cambodia,2018,,
Cameroon,2018,,
Canada,2018,651,1.76
Cayman Islands,2018,,
Channel Islands,2018,,
Chile,2018,825,4.4
China,2018,7525,0.53
China Macao SAR,2018,2,0.32
"China, Hong Kong SAR",2018,48,0.65
"China, Taiwan Province of China",2018,,
Colombia,2018,12586,25.34
Cook Islands,2018,,
Costa Rica,2018,563,11.26
Croatia,2018,24,0.58
Cuba,2018,,
Curaçao,2018,,
Cyprus,2018,15,1.26
Czechia,2018,,
Denmark,2018,58,1.01
Dominica,2018,13,18.15
Dominican Republic,2018,1068,10.05
Ecuador,2018,995,5.82
Egypt,2018,,
El Salvador,2018,3346,52.11
Estonia,2018,28,2.12
Eswatini,2018,,
Ethiopia,2018,,
Fiji,2018,,
Finland,2018,86,1.56
France,2018,779,1.2
French Guiana,2018,,
French Polynesia,2018,,
Georgia,2018,89,2.22
Germany,2018,788,0.95
Ghana,2018,,
Gibraltar,2018,,
Greece,2018,99,0.94
Greenland,2018,,
Grenada,2018,12,10.77
Guadeloupe,2018,,
Guam,2018,,
Guatemala,2018,5553,32.2
Guinea-Bissau,2018,,
Guyana,2018,111,14.25
Haiti,2018,743,6.68
Holy See,2018,,
Honduras,2018,3732,38.93
Hungary,2018,86,0.89
Iceland,2018,3,0.89
India,2018,40985,3.03
Indonesia,2018,,
Iran (Islamic Republic of),2018,1795,2.19
Iraq,2018,,
Ireland,2018,39,0.81
Isle of Man,2018,,
Israel,2018,116,1.38
Italy,2018,359,0.59
Jamaica,2018,1287,43.85
Japan,2018,334,0.26
Jordan,2018,,
Kazakhstan,2018,,
Kenya,2018,2533,4.93
Kiribati,2018,,
Kosovo under UNSCR 1244,2018,44,0
Kuwait,2018,,
Kyrgyzstan,2018,138,2.19
Latvia,2018,84,4.36
Lebanon,2018,172,2.51
Lesotho,2018,,
Liberia,2018,,
Liechtenstein,2018,1,2.64
Lithuania,2018,128,4.57
Luxembourg,2018,3,0.5
Malawi,2018,,
Malaysia,2018,,
Maldives,2018,,
Malta,2018,7,1.59
Marshall Islands,2018,,
Martinique,2018,,
Mauritius,2018,37,2.92
Mayotte,2018,,
Mexico,2018,36685,29.07
Micronesia (Federated States of),2018,,
Monaco,2018,,
Mongolia,2018,196,6.18
Montenegro,2018,14,2.23
Montserrat,2018,,
Morocco,2018,510,1.42
Mozambique,2018,,
Myanmar,2018,,
Namibia,2018,,
Nepal,2018,,
Netherlands,2018,,0.59
New Caledonia,2018,,
New Zealand,2018,,
Nicaragua,2018,682,10.55
Niger,2018,,
North Macedonia,2018,25,1.2
Norway,2018,25,0.47
Oman,2018,13,0.27
Pakistan,2018,8241,3.88
Palau,2018,2,11.17
Panama,2018,392,9.39
Papua New Guinea,2018,,
Paraguay,2018,497,7.14
Peru,2018,2452,7.67
Philippines,2018,5651,5.3
Poland,2018,277,0.73
Portugal,2018,,
Puerto Rico,2018,641,21.09
Qatar,2018,,
Republic of Korea,2018,309,0.6
Republic of Moldova,2018,166,4.1
Réunion,2018,,
Romania,2018,250,1.28
Russian Federation,2018,11964,8.21
Rwanda,2018,,
Saint Helena,2018,,
Saint Kitts and Nevis,2018,23,43.86
Saint Lucia,2018,39,21.44
Saint Martin (French part),2018,,
Saint Pierre and Miquelon,2018,,
Saint Vincent and the Grenadines,2018,34,30.85
Samoa,2018,13,6.63
San Marino,2018,,
Sao Tome and Principe,2018,,
Saudi Arabia,2018,224,0.66
Senegal,2018,,
Serbia,2018,108,1.23
Seychelles,2018,9,9.27
Sierra Leone,2018,,
Singapore,2018,9,0.16
Slovakia,2018,62,1.14
Slovenia,2018,10,0.48
Solomon Islands,2018,,
South Africa,2018,21036,36.4
South Sudan,2018,,
Spain,2018,289,0.62
Sri Lanka,2018,514,2.42
State of Palestine,2018,19,0.39
Suriname,2018,38,6.6
Sweden,2018,108,1.08
Switzerland,2018,50,0.59
Syrian Arab Republic,2018,,
Tajikistan,2018,,
Thailand,2018,,
Timor-Leste,2018,,
Tonga,2018,,
Trinidad and Tobago,2018,516,37.13
Tunisia,2018,,
Turkey,2018,2154,2.62
Turkmenistan,2018,,
Turks and Caicos Islands,2018,,
Tuvalu,2018,,
Uganda,2018,4497,10.52
Ukraine,2018,,
United Arab Emirates,2018,,
United Kingdom,2018,,
United Republic of Tanzania,2018,,
United States of America,2018,16374,4.95
United States Virgin Islands,2018,,
Uruguay,2018,416,12.06
Uzbekistan,2018,474,1.46
Vanuatu,2018,,
Venezuela (Bolivarian Republic of),2018,,
Viet Nam,2018,,
Yemen,2018,,
Zambia,2018,,
Zimbabwe,2018,,
Afghanistan,2019,,
Albania,2019,65,2.26
Algeria,2019,571,1.33
American Samoa,2019,0,0
Andorra,2019,,
Angola,2019,,
Anguilla,2019,,
Antigua and Barbuda,2019,3,3.09
Argentina,2019,2303,5.14
Armenia,2019,73,2.47
Aruba,2019,,
Australia,2019,225,0.89
Austria,2019,77,0.86
Azerbaijan,2019,183,1.82
Bahamas,2019,95,24.39
Bahrain,2019,2,0.12
Bangladesh,2019,,
Barbados,2019,48,16.72
Belarus,2019,225,2.38
Belgium,2019,,
Belize,2019,134,34.33
Bermuda,2019,0,0
Bhutan,2019,8,1.05
Bolivia (Plurinational State of),2019,806,7
Bosnia and Herzegovina,2019,39,1.18
Botswana,2019,,
Brazil,2019,44033,20.86
British Virgin Islands,2019,,
Brunei Darussalam,2019,,
Bulgaria,2019,83,1.19
Burkina Faso,2019,,
Burundi,2019,,
Cabo Verde,2019,34,6.18
Cambodia,2019,,
Cameroon,2019,,
Canada,2019,687,1.84
Cayman Islands,2019,,
Channel Islands,2019,,
Chile,2019,744,3.93
China,2019,,
China Macao SAR,2019,2,0.31
"China, Hong Kong SAR",2019,24,0.32
"China, Taiwan Province of China",2019,,
Colombia,2019,12080,24
Cook Islands,2019,,
Costa Rica,2019,563,11.15
Croatia,2019,33,0.8
Cuba,2019,,
Curaçao,2019,,
Cyprus,2019,15,1.25
Czechia,2019,97,0.91
Denmark,2019,66,1.14
Dominica,2019,14,19.5
Dominican Republic,2019,1026,9.55
Ecuador,2019,1188,6.84
Egypt,2019,,
El Salvador,2019,2398,37.16
Estonia,2019,23,1.73
Eswatini,2019,,
Ethiopia,2019,,
Fiji,2019,,
Finland,2019,88,1.59
France,2019,861,1.32
French Guiana,2019,,
French Polynesia,2019,,
Georgia,2019,77,1.93
Germany,2019,623,0.75
Ghana,2019,,
Gibraltar,2019,,
Greece,2019,78,0.74
Greenland,2019,,
Grenada,2019,16,14.29
Guadeloupe,2019,,
Guam,2019,7,4.18
Guatemala,2019,4578,26.04
Guinea-Bissau,2019,,
Guyana,2019,136,17.37
Haiti,2019,,
Holy See,2019,,
Honduras,2019,4094,42.01
Hungary,2019,64,0.66
Iceland,2019,1,0.29
India,2019,40479,2.96
Indonesia,2019,,
Iran (Islamic Republic of),2019,,
Iraq,2019,,
Ireland,2019,34,0.7
Isle of Man,2019,,
Israel,2019,125,1.47
Italy,2019,317,0.52
Jamaica,2019,,
Japan,2019,319,0.25
Jordan,2019,115,1.14
Kazakhstan,2019,,
Kenya,2019,,
Kiribati,2019,,
Kosovo under UNSCR 1244,2019,24,0
Kuwait,2019,,
Kyrgyzstan,2019,,
Latvia,2019,75,3.93
Lebanon,2019,182,2.65
Lesotho,2019,,
Liberia,2019,,
Liechtenstein,2019,1,2.63
Lithuania,2019,95,3.44
Luxembourg,2019,4,0.65
Malawi,2019,,
Malaysia,2019,,
Maldives,2019,3,0.57
Malta,2019,5,1.14
Marshall Islands,2019,,
Martinique,2019,,
Mauritius,2019,,
Mayotte,2019,,
Mexico,2019,36661,28.74
Micronesia (Federated States of),2019,1,0.88
Monaco,2019,,
Mongolia,2019,205,6.36
Montenegro,2019,23,3.66
Montserrat,2019,,
Morocco,2019,627,1.72
Mozambique,2019,,
Myanmar,2019,,
Namibia,2019,,
Nepal,2019,,
Netherlands,2019,109,0.64
New Caledonia,2019,,
New Zealand,2019,126,2.63
Nicaragua,2019,515,7.87
Niger,2019,,
North Macedonia,2019,24,1.15
Norway,2019,28,0.52
Oman,2019,23,0.46
Pakistan,2019,8153,3.76
Palau,2019,,
Panama,2019,480,11.3
Papua New Guinea,2019,,
Paraguay,2019,554,7.86
Peru,2019,2452,7.54
Philippines,2019,4764,4.41
Poland,2019,253,0.67
Portugal,2019,89,0.87
Puerto Rico,2019,606,20.66
Qatar,2019,,
Republic of Korea,2019,297,0.58
Republic of Moldova,2019,157,3.88
Réunion,2019,,
Romania,2019,244,1.26
Russian Federation,2019,11202,7.68
Rwanda,2019,,
Saint Helena,2019,,
Saint Kitts and Nevis,2019,12,22.71
Saint Lucia,2019,46,25.16
Saint Martin (French part),2019,,
Saint Pierre and Miquelon,2019,,
Saint Vincent and the Grenadines,2019,19,17.18
Samoa,2019,,
San Marino,2019,,
Sao Tome and Principe,2019,,
Saudi Arabia,2019,285,0.83
Senegal,2019,,
Serbia,2019,90,1.03
Seychelles,2019,10,10.23
Sierra Leone,2019,,
Singapore,2019,12,0.21
Slovakia,2019,76,1.39
Slovenia,2019,10,0.48
Solomon Islands,2019,,
South Africa,2019,21325,36.42
South Sudan,2019,,
Spain,2019,333,0.71
Sri Lanka,2019,742,3.48
State of Palestine,2019,35,0.7
Suriname,2019,30,5.16
Sweden,2019,111,1.11
Switzerland,2019,46,0.54
Syrian Arab Republic,2019,3364,19.71
Tajikistan,2019,,
Thailand,2019,,
Timor-Leste,2019,,
Tonga,2019,3,2.87
Trinidad and Tobago,2019,538,38.57
Tunisia,2019,571,4.88
Turkey,2019,26,2.4
Turkmenistan,2019,,
Turks and Caicos Islands,2019,,
Tuvalu,2019,0,0
Uganda,2019,4718,10.66
Ukraine,2019,,
United Arab Emirates,2019,64,0.66
United Kingdom,2019,,
United Republic of Tanzania,2019,,
United States of America,2019,16425,4.94
United States Virgin Islands,2019,,
Uruguay,2019,392,11.32
Uzbekistan,2019,396,1.2
Vanuatu,2019,2,0.67
Venezuela (Bolivarian Republic of),2019,,
Viet Nam,2019,,
Yemen,2019,,
Zambia,2019,,
Zimbabwe,2019,,
Afghanistan,2020,,
Albania,2020,61,2.12
Algeria,2020,580,1.32
American Samoa,2020,,
Andorra,2020,2,2.59
Angola,2020,,
Anguilla,2020,,
Antigua and Barbuda,2020,,
Argentina,2020,,
Armenia,2020,52,1.75
Aruba,2020,,
Australia,2020,221,0.87
Austria,2020,65,0.72
Azerbaijan,2020,230,2.27
Bahamas,2020,73,18.56
Bahrain,2020,,
Bangladesh,2020,,
Barbados,2020,,
Belarus,2020,,
Belgium,2020,,
Belize,2020,102,25.65
Bermuda,2020,,
Bhutan,2020,19,2.46
Bolivia (Plurinational State of),2020,,
Bosnia and Herzegovina,2020,,
Botswana,2020,,
Brazil,2020,43879,20.64
British Virgin Islands,2020,,
Brunei Darussalam,2020,,
Bulgaria,2020,69,0.99
Burkina Faso,2020,,
Burundi,2020,,
Cabo Verde,2020,36,6.47
Cambodia,2020,,
Cameroon,2020,,
Canada,2020,743,1.97
Cayman Islands,2020,,
Channel Islands,2020,,
Chile,2020,,
China,2020,,
China Macao SAR,2020,2,0.31
"China, Hong Kong SAR",2020,22,0.29
"China, Taiwan Province of China",2020,,
Colombia,2020,11520,22.64
Cook Islands,2020,,
Costa Rica,2020,570,11.19
Croatia,2020,39,0.95
Cuba,2020,,
Curaçao,2020,,
Cyprus,2020,15,1.24
Czechia,2020,77,0.72
Denmark,2020,55,0.95
Dominica,2020,15,20.84
Dominican Republic,2020,961,8.86
Ecuador,2020,1372,7.78
Egypt,2020,,
El Salvador,2020,,
Estonia,2020,42,3.17
Eswatini,2020,,
Ethiopia,2020,,
Fiji,2020,20,2.23
Finland,2020,91,1.64
France,2020,,
French Guiana,2020,,
French Polynesia,2020,,
Georgia,2020,,
Germany,2020,782,0.93
Ghana,2020,,
Gibraltar,2020,,
Greece,2020,78,0.75
Greenland,2020,,
Grenada,2020,,
Guadeloupe,2020,,
Guam,2020,,
Guatemala,2020,,
Guinea-Bissau,2020,,
Guyana,2020,157,19.96
Haiti,2020,,
Holy See,2020,,
Honduras,2020,3598,36.33
Hungary,2020,80,0.83
Iceland,2020,5,1.47
India,2020,40651,2.95
Indonesia,2020,,
Iran (Islamic Republic of),2020,,
Iraq,2020,,
Ireland,2020,34,0.69
Isle of Man,2020,,
Israel,2020,,
Italy,2020,285,0.47
Jamaica,2020,1323,44.68
Japan,2020,,
Jordan,2020,99,0.97
Kazakhstan,2020,606,3.23
Kenya,2020,2151,4
Kiribati,2020,,
Kosovo under UNSCR 1244,2020,,
Kuwait,2020,,
Kyrgyzstan,2020,,
Latvia,2020,49,2.6
Lebanon,2020,128,1.88
Lesotho,2020,,
Liberia,2020,,
Liechtenstein,2020,,
Lithuania,2020,101,3.71
Luxembourg,2020,1,0.16
Malawi,2020,,
Malaysia,2020,,
Maldives,2020,,
Malta,2020,7,1.59
Marshall Islands,2020,,
Martinique,2020,,
Mauritius,2020,,
Mayotte,2020,,
Mexico,2020,36579,28.37
Micronesia (Federated States of),2020,,
Monaco,2020,,
Mongolia,2020,196,5.98
Montenegro,2020,18,2.87
Montserrat,2020,,
Morocco,2020,487,1.32
Mozambique,2020,,
Myanmar,2020,,
Namibia,2020,303,11.92
Nepal,2020,,
Netherlands,2020,107,0.62
New Caledonia,2020,,
New Zealand,2020,,
Nicaragua,2020,,
Niger,2020,,
North Macedonia,2020,,
Norway,2020,31,0.57
Oman,2020,,
Pakistan,2020,,
Palau,2020,,
Panama,2020,480,11.12
Papua New Guinea,2020,,
Paraguay,2020,481,6.74
Peru,2020,,
Philippines,2020,,
Poland,2020,268,0.71
Portugal,2020,93,0.91
Puerto Rico,2020,529,18.49
Qatar,2020,,
Republic of Korea,2020,308,0.6
Republic of Moldova,2020,,
Réunion,2020,,
Romania,2020,281,1.46
Russian Federation,2020,10697,7.33
Rwanda,2020,,
Saint Helena,2020,,
Saint Kitts and Nevis,2020,,
Saint Lucia,2020,,
Saint Martin (French part),2020,,
Saint Pierre and Miquelon,2020,,
Saint Vincent and the Grenadines,2020,,
Samoa,2020,,
San Marino,2020,,
Sao Tome and Principe,2020,,
Saudi Arabia,2020,,
Senegal,2020,,
Serbia,2020,89,1.02
Seychelles,2020,,
Sierra Leone,2020,,
Singapore,2020,10,0.17
Slovakia,2020,63,1.15
Slovenia,2020,11,0.53
Solomon Islands,2020,,
South Africa,2020,19846,33.46
South Sudan,2020,,
Spain,2020,298,0.64
Sri Lanka,2020,,
State of Palestine,2020,48,0.94
Suriname,2020,,
Sweden,2020,124,1.23
Switzerland,2020,47,0.54
Syrian Arab Republic,2020,,
Tajikistan,2020,87,0.91
Thailand,2020,,
Timor-Leste,2020,,
Tonga,2020,,
Trinidad and Tobago,2020,,
Tunisia,2020,562,4.76
Turkey,2020,,
Turkmenistan,2020,,
Turks and Caicos Islands,2020,,
Tuvalu,2020,,
Uganda,2020,4460,9.75
Ukraine,2020,,
United Arab Emirates,2020,,
United Kingdom,2020,,
United Republic of Tanzania,2020,,
United States of America,2020,20982,6.28
United States Virgin Islands,2020,,
Uruguay,2020,,
Uzbekistan,2020,,
Vanuatu,2020,1,0.33
Venezuela (Bolivarian Republic of),2020,,
Viet Nam,2020,,
Yemen,2020,,
Zambia,2020,,
Zimbabwe,2020,,
